product,city,date,sales
Groceries,Delhi,01-01-2022,255
Electronics,Delhi,01-01-2022,444
Clothing,Delhi,01-01-2022,1125
Groceries,Mumbai,01-01-2022,1068
Clothing,Mumbai,01-01-2022,433
Electronics,Mumbai,01-01-2022,514
Electronics,Bangalore,01-01-2022,952
Groceries,Bangalore,01-01-2022,728
Clothing,Bangalore,01-01-2022,984
Groceries,Delhi,01-02-2022,197
Clothing,Delhi,01-02-2022,740
Electronics,Delhi,01-02-2022,730
Electronics,Mumbai,01-02-2022,582
Groceries,Mumbai,01-02-2022,1327
Clothing,Mumbai,01-02-2022,254
Groceries,Bangalore,01-02-2022,96
Electronics,Bangalore,01-02-2022,714
Clothing,Bangalore,01-02-2022,205
Electronics,Delhi,01-03-2022,266
Clothing,Delhi,01-03-2022,406
Groceries,Delhi,01-03-2022,562
Electronics,Mumbai,01-03-2022,357
Groceries,Mumbai,01-03-2022,1040
Clothing,Mumbai,01-03-2022,411
Clothing,Bangalore,01-03-2022,1104
Groceries,Bangalore,01-03-2022,396
Electronics,Bangalore,01-03-2022,1101
Groceries,Delhi,01-04-2022,700
Electronics,Delhi,01-04-2022,1032
Clothing,Delhi,01-04-2022,15
Clothing,Mumbai,01-04-2022,370
Groceries,Mumbai,01-04-2022,716
Electronics,Mumbai,01-04-2022,382
Electronics,Bangalore,01-04-2022,1012
Clothing,Bangalore,01-04-2022,288
Groceries,Bangalore,01-04-2022,34
Groceries,Delhi,01-05-2022,348
Electronics,Delhi,01-05-2022,233
Electronics,Mumbai,01-05-2022,443
Clothing,Mumbai,01-05-2022,381
Groceries,Mumbai,01-05-2022,798
Electronics,Bangalore,01-05-2022,344
Groceries,Bangalore,01-05-2022,419
Clothing,Bangalore,01-05-2022,161
Electronics,Delhi,01-06-2022,274
Groceries,Delhi,01-06-2022,121
Clothing,Delhi,01-06-2022,699
Clothing,Mumbai,01-06-2022,496
Groceries,Mumbai,01-06-2022,1097
Electronics,Mumbai,01-06-2022,283
Electronics,Bangalore,01-06-2022,104
Clothing,Bangalore,01-06-2022,169
Groceries,Bangalore,01-06-2022,316
Clothing,Delhi,01-07-2022,963
Electronics,Delhi,01-07-2022,641
Groceries,Delhi,01-07-2022,138
Electronics,Mumbai,01-07-2022,574
Groceries,Mumbai,01-07-2022,555
Clothing,Mumbai,01-07-2022,53
Clothing,Bangalore,01-07-2022,107
Electronics,Bangalore,01-07-2022,780
Groceries,Bangalore,01-07-2022,284
Groceries,Delhi,01-08-2022,656
Electronics,Delhi,01-08-2022,602
Clothing,Delhi,01-08-2022,248
Groceries,Mumbai,01-08-2022,1266
Electronics,Mumbai,01-08-2022,349
Clothing,Mumbai,01-08-2022,423
Clothing,Bangalore,01-08-2022,1193
Electronics,Bangalore,01-08-2022,367
Groceries,Bangalore,01-08-2022,341
Electronics,Delhi,01-09-2022,1048
Clothing,Delhi,01-09-2022,688
Groceries,Delhi,01-09-2022,440
Groceries,Mumbai,01-09-2022,226
Electronics,Mumbai,01-09-2022,1071
Clothing,Mumbai,01-09-2022,1007
Clothing,Bangalore,01-09-2022,648
Groceries,Bangalore,01-09-2022,720
Electronics,Bangalore,01-09-2022,1248
Electronics,Delhi,01-10-2022,275
Groceries,Delhi,01-10-2022,54
Clothing,Delhi,01-10-2022,1418
Groceries,Mumbai,01-10-2022,915
Clothing,Mumbai,01-10-2022,201
Electronics,Mumbai,01-10-2022,371
Clothing,Bangalore,01-10-2022,653
Groceries,Bangalore,01-10-2022,327
Electronics,Bangalore,01-10-2022,636
Groceries,Delhi,01-11-2022,776
Electronics,Delhi,01-11-2022,413
Clothing,Delhi,01-11-2022,646
Electronics,Mumbai,01-11-2022,751
Clothing,Mumbai,01-11-2022,1086
Clothing,Bangalore,01-11-2022,412
Groceries,Bangalore,01-11-2022,348
Electronics,Bangalore,01-11-2022,204
Clothing,Delhi,01-12-2022,310
Groceries,Delhi,01-12-2022,193
Electronics,Delhi,01-12-2022,802
Electronics,Mumbai,01-12-2022,720
Groceries,Mumbai,01-12-2022,160
Clothing,Mumbai,01-12-2022,409
Electronics,Bangalore,01-12-2022,427
Groceries,Bangalore,01-12-2022,435
Clothing,Bangalore,01-12-2022,110
Groceries,Delhi,02-01-2022,746
Clothing,Delhi,02-01-2022,829
Electronics,Delhi,02-01-2022,479
Clothing,Mumbai,02-01-2022,445
Groceries,Mumbai,02-01-2022,346
Electronics,Mumbai,02-01-2022,302
Electronics,Bangalore,02-01-2022,1159
Groceries,Bangalore,02-01-2022,137
Clothing,Bangalore,02-01-2022,611
Electronics,Delhi,02-02-2022,1384
Groceries,Delhi,02-02-2022,377
Clothing,Delhi,02-02-2022,382
Clothing,Mumbai,02-02-2022,485
Groceries,Mumbai,02-02-2022,582
Electronics,Mumbai,02-02-2022,358
Electronics,Bangalore,02-02-2022,1127
Groceries,Bangalore,02-02-2022,673
Clothing,Bangalore,02-02-2022,475
Clothing,Delhi,02-03-2022,409
Electronics,Delhi,02-03-2022,193
Groceries,Delhi,02-03-2022,275
Electronics,Mumbai,02-03-2022,489
Clothing,Mumbai,02-03-2022,513
Groceries,Mumbai,02-03-2022,230
Electronics,Bangalore,02-03-2022,1097
Clothing,Bangalore,02-03-2022,647
Groceries,Bangalore,02-03-2022,528
Electronics,Delhi,02-04-2022,819
Groceries,Delhi,02-04-2022,209
Clothing,Delhi,02-04-2022,429
Clothing,Mumbai,02-04-2022,826
Electronics,Mumbai,02-04-2022,304
Groceries,Mumbai,02-04-2022,243
Clothing,Bangalore,02-04-2022,307
Groceries,Bangalore,02-04-2022,310
Electronics,Bangalore,02-04-2022,94
Groceries,Delhi,02-05-2022,851
Clothing,Delhi,02-05-2022,304
Electronics,Delhi,02-05-2022,973
Clothing,Mumbai,02-05-2022,1351
Groceries,Mumbai,02-05-2022,420
Electronics,Mumbai,02-05-2022,780
Groceries,Bangalore,02-05-2022,333
Clothing,Bangalore,02-05-2022,979
Electronics,Bangalore,02-05-2022,318
Electronics,Delhi,02-06-2022,444
Groceries,Delhi,02-06-2022,781
Clothing,Delhi,02-06-2022,267
Groceries,Mumbai,02-06-2022,213
Clothing,Mumbai,02-06-2022,506
Electronics,Mumbai,02-06-2022,846
Clothing,Bangalore,02-06-2022,594
Electronics,Bangalore,02-06-2022,905
Groceries,Bangalore,02-06-2022,806
Electronics,Delhi,02-07-2022,1032
Groceries,Delhi,02-07-2022,682
Clothing,Delhi,02-07-2022,376
Clothing,Mumbai,02-07-2022,126
Groceries,Mumbai,02-07-2022,852
Electronics,Mumbai,02-07-2022,330
Electronics,Bangalore,02-07-2022,1045
Groceries,Bangalore,02-07-2022,174
Clothing,Bangalore,02-07-2022,252
Electronics,Delhi,02-08-2022,609
Clothing,Delhi,02-08-2022,807
Groceries,Delhi,02-08-2022,295
Groceries,Mumbai,02-08-2022,1472
Clothing,Mumbai,02-08-2022,524
Groceries,Bangalore,02-08-2022,703
Electronics,Bangalore,02-08-2022,528
Clothing,Bangalore,02-08-2022,177
Groceries,Delhi,02-09-2022,254
Clothing,Delhi,02-09-2022,479
Electronics,Delhi,02-09-2022,436
Electronics,Mumbai,02-09-2022,128
Groceries,Mumbai,02-09-2022,447
Clothing,Mumbai,02-09-2022,405
Electronics,Bangalore,02-09-2022,200
Groceries,Bangalore,02-09-2022,486
Clothing,Bangalore,02-09-2022,287
Clothing,Delhi,02-10-2022,1314
Groceries,Delhi,02-10-2022,45
Electronics,Delhi,02-10-2022,169
Electronics,Mumbai,02-10-2022,853
Clothing,Mumbai,02-10-2022,562
Groceries,Mumbai,02-10-2022,316
Clothing,Bangalore,02-10-2022,799
Electronics,Bangalore,02-10-2022,457
Groceries,Bangalore,02-10-2022,265
Electronics,Delhi,02-11-2022,765
Groceries,Delhi,02-11-2022,581
Clothing,Delhi,02-11-2022,369
Groceries,Mumbai,02-11-2022,691
Clothing,Mumbai,02-11-2022,1414
Electronics,Mumbai,02-11-2022,401
Clothing,Bangalore,02-11-2022,1153
Electronics,Bangalore,02-11-2022,113
Groceries,Bangalore,02-11-2022,274
Groceries,Delhi,02-12-2022,362
Electronics,Delhi,02-12-2022,357
Clothing,Delhi,02-12-2022,616
Groceries,Mumbai,02-12-2022,617
Electronics,Mumbai,02-12-2022,761
Clothing,Mumbai,02-12-2022,459
Groceries,Bangalore,02-12-2022,1293
Electronics,Bangalore,02-12-2022,133
Clothing,Bangalore,02-12-2022,191
Groceries,Delhi,03-01-2022,604
Electronics,Delhi,03-01-2022,172
Clothing,Delhi,03-01-2022,863
Groceries,Mumbai,03-01-2022,405
Electronics,Mumbai,03-01-2022,630
Clothing,Mumbai,03-01-2022,220
Groceries,Bangalore,03-01-2022,997
Electronics,Bangalore,03-01-2022,313
Clothing,Bangalore,03-01-2022,619
Groceries,Delhi,03-02-2022,816
Clothing,Delhi,03-02-2022,535
Electronics,Delhi,03-02-2022,608
Clothing,Mumbai,03-02-2022,435
Groceries,Mumbai,03-02-2022,766
Electronics,Mumbai,03-02-2022,702
Groceries,Bangalore,03-02-2022,288
Electronics,Bangalore,03-02-2022,405
Clothing,Bangalore,03-02-2022,353
Groceries,Delhi,03-03-2022,820
Electronics,Delhi,03-03-2022,767
Clothing,Delhi,03-03-2022,233
Clothing,Mumbai,03-03-2022,861
Electronics,Mumbai,03-03-2022,511
Groceries,Mumbai,03-03-2022,557
Clothing,Bangalore,03-03-2022,1103
Electronics,Bangalore,03-03-2022,583
Groceries,Bangalore,03-03-2022,72
Electronics,Delhi,03-04-2022,1215
Groceries,Delhi,03-04-2022,80
Clothing,Delhi,03-04-2022,431
Electronics,Mumbai,03-04-2022,802
Clothing,Mumbai,03-04-2022,316
Groceries,Mumbai,03-04-2022,239
Clothing,Bangalore,03-04-2022,700
Groceries,Bangalore,03-04-2022,651
Electronics,Bangalore,03-04-2022,280
Electronics,Delhi,03-05-2022,783
Clothing,Delhi,03-05-2022,1262
Groceries,Delhi,03-05-2022,31
Clothing,Mumbai,03-05-2022,273
Groceries,Mumbai,03-05-2022,767
Electronics,Mumbai,03-05-2022,650
Electronics,Bangalore,03-05-2022,759
Clothing,Bangalore,03-05-2022,343
Groceries,Bangalore,03-05-2022,272
Electronics,Delhi,03-06-2022,585
Clothing,Delhi,03-06-2022,129
Groceries,Delhi,03-06-2022,832
Groceries,Mumbai,03-06-2022,546
Electronics,Mumbai,03-06-2022,397
Clothing,Mumbai,03-06-2022,799
Groceries,Bangalore,03-06-2022,828
Electronics,Bangalore,03-06-2022,380
Clothing,Bangalore,03-06-2022,229
Electronics,Delhi,03-07-2022,155
Groceries,Delhi,03-07-2022,201
Clothing,Delhi,03-07-2022,663
Electronics,Mumbai,03-07-2022,349
Groceries,Mumbai,03-07-2022,226
Clothing,Mumbai,03-07-2022,257
Groceries,Bangalore,03-07-2022,525
Clothing,Bangalore,03-07-2022,1070
Electronics,Bangalore,03-07-2022,193
Clothing,Delhi,03-08-2022,519
Electronics,Delhi,03-08-2022,443
Groceries,Delhi,03-08-2022,714
Electronics,Mumbai,03-08-2022,670
Clothing,Mumbai,03-08-2022,280
Groceries,Mumbai,03-08-2022,360
Clothing,Bangalore,03-08-2022,525
Electronics,Bangalore,03-08-2022,431
Groceries,Bangalore,03-08-2022,668
Clothing,Delhi,03-09-2022,407
Groceries,Delhi,03-09-2022,629
Electronics,Delhi,03-09-2022,373
Electronics,Mumbai,03-09-2022,706
Groceries,Mumbai,03-09-2022,805
Electronics,Bangalore,03-09-2022,255
Groceries,Bangalore,03-09-2022,1140
Clothing,Bangalore,03-09-2022,309
Clothing,Delhi,03-10-2022,517
Electronics,Delhi,03-10-2022,497
Groceries,Delhi,03-10-2022,149
Groceries,Mumbai,03-10-2022,1623
Clothing,Mumbai,03-10-2022,531
Electronics,Mumbai,03-10-2022,254
Clothing,Bangalore,03-10-2022,426
Electronics,Bangalore,03-10-2022,440
Groceries,Bangalore,03-10-2022,966
Groceries,Delhi,03-11-2022,532
Clothing,Delhi,03-11-2022,887
Electronics,Delhi,03-11-2022,351
Electronics,Mumbai,03-11-2022,675
Groceries,Mumbai,03-11-2022,864
Clothing,Mumbai,03-11-2022,141
Groceries,Bangalore,03-11-2022,538
Electronics,Bangalore,03-11-2022,1058
Clothing,Bangalore,03-11-2022,720
Electronics,Delhi,03-12-2022,1082
Groceries,Delhi,03-12-2022,153
Clothing,Delhi,03-12-2022,270
Clothing,Mumbai,03-12-2022,301
Groceries,Mumbai,03-12-2022,429
Electronics,Mumbai,03-12-2022,399
Clothing,Bangalore,03-12-2022,423
Groceries,Bangalore,03-12-2022,48
Electronics,Bangalore,03-12-2022,4
Groceries,Delhi,04-01-2022,378
Electronics,Delhi,04-01-2022,234
Clothing,Delhi,04-01-2022,518
Groceries,Mumbai,04-01-2022,450
Clothing,Mumbai,04-01-2022,167
Electronics,Mumbai,04-01-2022,600
Clothing,Bangalore,04-01-2022,1342
Groceries,Bangalore,04-01-2022,317
Electronics,Bangalore,04-01-2022,355
Electronics,Delhi,04-02-2022,357
Clothing,Delhi,04-02-2022,1057
Groceries,Delhi,04-02-2022,245
Electronics,Mumbai,04-02-2022,520
Groceries,Mumbai,04-02-2022,1209
Clothing,Mumbai,04-02-2022,153
Groceries,Bangalore,04-02-2022,650
Electronics,Bangalore,04-02-2022,553
Clothing,Bangalore,04-02-2022,333
Electronics,Delhi,04-03-2022,324
Groceries,Delhi,04-03-2022,400
Clothing,Delhi,04-03-2022,481
Groceries,Mumbai,04-03-2022,764
Electronics,Mumbai,04-03-2022,1112
Clothing,Mumbai,04-03-2022,512
Electronics,Bangalore,04-03-2022,767
Clothing,Bangalore,04-03-2022,976
Groceries,Bangalore,04-03-2022,285
Clothing,Delhi,04-04-2022,893
Groceries,Delhi,04-04-2022,307
Electronics,Delhi,04-04-2022,201
Electronics,Mumbai,04-04-2022,412
Clothing,Mumbai,04-04-2022,150
Groceries,Mumbai,04-04-2022,509
Electronics,Bangalore,04-04-2022,238
Clothing,Bangalore,04-04-2022,431
Groceries,Bangalore,04-04-2022,852
Groceries,Delhi,04-05-2022,320
Clothing,Delhi,04-05-2022,416
Electronics,Delhi,04-05-2022,397
Groceries,Mumbai,04-05-2022,419
Clothing,Mumbai,04-05-2022,29
Electronics,Bangalore,04-05-2022,827
Groceries,Bangalore,04-05-2022,319
Clothing,Bangalore,04-05-2022,377
Groceries,Delhi,04-06-2022,1408
Electronics,Delhi,04-06-2022,279
Clothing,Delhi,04-06-2022,110
Clothing,Mumbai,04-06-2022,467
Groceries,Mumbai,04-06-2022,446
Electronics,Mumbai,04-06-2022,487
Clothing,Bangalore,04-06-2022,755
Electronics,Bangalore,04-06-2022,333
Groceries,Bangalore,04-06-2022,216
Electronics,Delhi,04-07-2022,603
Clothing,Delhi,04-07-2022,397
Groceries,Delhi,04-07-2022,959
Groceries,Mumbai,04-07-2022,1347
Electronics,Mumbai,04-07-2022,479
Clothing,Mumbai,04-07-2022,898
Clothing,Bangalore,04-07-2022,593
Electronics,Bangalore,04-07-2022,856
Groceries,Bangalore,04-07-2022,140
Clothing,Delhi,04-08-2022,386
Electronics,Delhi,04-08-2022,346
Groceries,Delhi,04-08-2022,684
Groceries,Mumbai,04-08-2022,1252
Clothing,Mumbai,04-08-2022,1468
Clothing,Bangalore,04-08-2022,1099
Electronics,Bangalore,04-08-2022,333
Groceries,Bangalore,04-08-2022,581
Groceries,Delhi,04-09-2022,591
Electronics,Delhi,04-09-2022,481
Clothing,Delhi,04-09-2022,74
Electronics,Mumbai,04-09-2022,392
Groceries,Mumbai,04-09-2022,418
Clothing,Mumbai,04-09-2022,614
Groceries,Bangalore,04-09-2022,371
Electronics,Bangalore,04-09-2022,572
Clothing,Bangalore,04-09-2022,748
Groceries,Delhi,04-10-2022,791
Electronics,Delhi,04-10-2022,297
Clothing,Delhi,04-10-2022,455
Clothing,Mumbai,04-10-2022,1068
Groceries,Mumbai,04-10-2022,328
Electronics,Mumbai,04-10-2022,153
Clothing,Bangalore,04-10-2022,822
Electronics,Bangalore,04-10-2022,352
Groceries,Bangalore,04-10-2022,313
Groceries,Delhi,04-11-2022,1718
Electronics,Delhi,04-11-2022,593
Clothing,Delhi,04-11-2022,376
Clothing,Mumbai,04-11-2022,601
Electronics,Mumbai,04-11-2022,419
Groceries,Mumbai,04-11-2022,270
Groceries,Bangalore,04-11-2022,863
Clothing,Bangalore,04-11-2022,635
Electronics,Bangalore,04-11-2022,590
Clothing,Delhi,04-12-2022,311
Electronics,Delhi,04-12-2022,1604
Groceries,Delhi,04-12-2022,298
Clothing,Mumbai,04-12-2022,661
Groceries,Mumbai,04-12-2022,1228
Electronics,Mumbai,04-12-2022,548
Groceries,Bangalore,04-12-2022,1468
Electronics,Bangalore,04-12-2022,424
Clothing,Bangalore,04-12-2022,51
Electronics,Delhi,05-01-2022,738
Clothing,Delhi,05-01-2022,166
Groceries,Delhi,05-01-2022,284
Clothing,Mumbai,05-01-2022,412
Groceries,Mumbai,05-01-2022,1460
Electronics,Mumbai,05-01-2022,749
Electronics,Bangalore,05-01-2022,585
Clothing,Bangalore,05-01-2022,701
Groceries,Bangalore,05-01-2022,33
Clothing,Delhi,05-02-2022,509
Groceries,Delhi,05-02-2022,446
Electronics,Delhi,05-02-2022,477
Clothing,Mumbai,05-02-2022,804
Groceries,Mumbai,05-02-2022,801
Electronics,Mumbai,05-02-2022,145
Clothing,Bangalore,05-02-2022,270
Electronics,Bangalore,05-02-2022,461
Groceries,Bangalore,05-02-2022,852
Electronics,Delhi,05-03-2022,1576
Clothing,Delhi,05-03-2022,29
Groceries,Delhi,05-03-2022,368
Electronics,Mumbai,05-03-2022,981
Groceries,Mumbai,05-03-2022,306
Clothing,Mumbai,05-03-2022,55
Electronics,Bangalore,05-03-2022,476
Clothing,Bangalore,05-03-2022,689
Groceries,Bangalore,05-03-2022,502
Clothing,Delhi,05-04-2022,690
Groceries,Delhi,05-04-2022,505
Electronics,Mumbai,05-04-2022,257
Groceries,Mumbai,05-04-2022,111
Clothing,Mumbai,05-04-2022,762
Electronics,Bangalore,05-04-2022,711
Clothing,Bangalore,05-04-2022,789
Groceries,Bangalore,05-04-2022,694
Groceries,Delhi,05-05-2022,704
Clothing,Delhi,05-05-2022,288
Electronics,Delhi,05-05-2022,440
Electronics,Mumbai,05-05-2022,804
Groceries,Mumbai,05-05-2022,514
Clothing,Mumbai,05-05-2022,98
Groceries,Bangalore,05-05-2022,392
Clothing,Bangalore,05-05-2022,313
Electronics,Bangalore,05-05-2022,279
Groceries,Delhi,05-06-2022,1055
Electronics,Delhi,05-06-2022,551
Clothing,Delhi,05-06-2022,511
Clothing,Mumbai,05-06-2022,763
Groceries,Mumbai,05-06-2022,613
Electronics,Mumbai,05-06-2022,879
Electronics,Bangalore,05-06-2022,613
Clothing,Bangalore,05-06-2022,572
Groceries,Bangalore,05-06-2022,259
Groceries,Delhi,05-07-2022,998
Electronics,Delhi,05-07-2022,799
Clothing,Delhi,05-07-2022,507
Clothing,Mumbai,05-07-2022,374
Groceries,Mumbai,05-07-2022,316
Electronics,Mumbai,05-07-2022,953
Clothing,Bangalore,05-07-2022,1242
Groceries,Bangalore,05-07-2022,1136
Electronics,Bangalore,05-07-2022,668
Clothing,Delhi,05-08-2022,639
Groceries,Delhi,05-08-2022,960
Electronics,Delhi,05-08-2022,53
Clothing,Mumbai,05-08-2022,482
Groceries,Mumbai,05-08-2022,649
Electronics,Mumbai,05-08-2022,431
Electronics,Bangalore,05-08-2022,539
Groceries,Bangalore,05-08-2022,777
Clothing,Bangalore,05-08-2022,310
Clothing,Delhi,05-09-2022,819
Groceries,Delhi,05-09-2022,1036
Electronics,Delhi,05-09-2022,20
Clothing,Mumbai,05-09-2022,185
Groceries,Mumbai,05-09-2022,721
Electronics,Mumbai,05-09-2022,735
Electronics,Bangalore,05-09-2022,137
Groceries,Bangalore,05-09-2022,588
Clothing,Bangalore,05-09-2022,678
Clothing,Delhi,05-10-2022,1451
Groceries,Delhi,05-10-2022,812
Electronics,Delhi,05-10-2022,74
Clothing,Mumbai,05-10-2022,611
Groceries,Mumbai,05-10-2022,475
Electronics,Mumbai,05-10-2022,196
Groceries,Bangalore,05-10-2022,818
Clothing,Bangalore,05-10-2022,253
Electronics,Bangalore,05-10-2022,41
Groceries,Delhi,05-11-2022,510
Electronics,Delhi,05-11-2022,161
Clothing,Delhi,05-11-2022,692
Electronics,Mumbai,05-11-2022,311
Clothing,Mumbai,05-11-2022,288
Groceries,Mumbai,05-11-2022,227
Groceries,Bangalore,05-11-2022,1059
Electronics,Bangalore,05-11-2022,141
Clothing,Bangalore,05-11-2022,760
Electronics,Delhi,05-12-2022,79
Clothing,Delhi,05-12-2022,407
Groceries,Delhi,05-12-2022,196
Clothing,Mumbai,05-12-2022,910
Electronics,Mumbai,05-12-2022,323
Groceries,Mumbai,05-12-2022,125
Electronics,Bangalore,05-12-2022,670
Groceries,Bangalore,05-12-2022,799
Clothing,Bangalore,05-12-2022,489
Clothing,Delhi,06-01-2022,143
Electronics,Delhi,06-01-2022,188
Groceries,Delhi,06-01-2022,515
Groceries,Mumbai,06-01-2022,842
Clothing,Mumbai,06-01-2022,509
Electronics,Mumbai,06-01-2022,165
Clothing,Bangalore,06-01-2022,783
Groceries,Bangalore,06-01-2022,231
Electronics,Bangalore,06-01-2022,72
Clothing,Delhi,06-02-2022,675
Groceries,Delhi,06-02-2022,434
Electronics,Delhi,06-02-2022,42
Clothing,Mumbai,06-02-2022,1046
Electronics,Mumbai,06-02-2022,256
Groceries,Mumbai,06-02-2022,265
Groceries,Bangalore,06-02-2022,560
Clothing,Bangalore,06-02-2022,782
Electronics,Bangalore,06-02-2022,311
Clothing,Delhi,06-03-2022,757
Electronics,Delhi,06-03-2022,187
Groceries,Delhi,06-03-2022,385
Clothing,Mumbai,06-03-2022,327
Electronics,Mumbai,06-03-2022,848
Groceries,Mumbai,06-03-2022,1144
Clothing,Bangalore,06-03-2022,1254
Groceries,Bangalore,06-03-2022,382
Electronics,Bangalore,06-03-2022,470
Electronics,Delhi,06-04-2022,219
Clothing,Delhi,06-04-2022,549
Groceries,Delhi,06-04-2022,404
Clothing,Mumbai,06-04-2022,741
Groceries,Mumbai,06-04-2022,1231
Electronics,Mumbai,06-04-2022,237
Clothing,Bangalore,06-04-2022,332
Groceries,Bangalore,06-04-2022,51
Groceries,Delhi,06-05-2022,500
Clothing,Delhi,06-05-2022,346
Electronics,Delhi,06-05-2022,294
Electronics,Mumbai,06-05-2022,342
Clothing,Mumbai,06-05-2022,835
Groceries,Mumbai,06-05-2022,383
Clothing,Bangalore,06-05-2022,507
Electronics,Bangalore,06-05-2022,608
Groceries,Bangalore,06-05-2022,895
Clothing,Delhi,06-06-2022,1131
Groceries,Delhi,06-06-2022,537
Electronics,Delhi,06-06-2022,146
Clothing,Mumbai,06-06-2022,981
Groceries,Mumbai,06-06-2022,812
Electronics,Mumbai,06-06-2022,468
Clothing,Bangalore,06-06-2022,223
Electronics,Bangalore,06-06-2022,1077
Groceries,Bangalore,06-06-2022,384
Groceries,Delhi,06-07-2022,493
Clothing,Delhi,06-07-2022,245
Electronics,Delhi,06-07-2022,410
Groceries,Mumbai,06-07-2022,320
Electronics,Mumbai,06-07-2022,172
Clothing,Mumbai,06-07-2022,511
Clothing,Bangalore,06-07-2022,504
Electronics,Bangalore,06-07-2022,397
Groceries,Bangalore,06-07-2022,427
Groceries,Delhi,06-08-2022,131
Clothing,Delhi,06-08-2022,728
Electronics,Delhi,06-08-2022,746
Groceries,Mumbai,06-08-2022,1085
Electronics,Mumbai,06-08-2022,293
Clothing,Mumbai,06-08-2022,403
Groceries,Bangalore,06-08-2022,791
Electronics,Bangalore,06-08-2022,652
Clothing,Bangalore,06-08-2022,917
Clothing,Delhi,06-09-2022,503
Electronics,Delhi,06-09-2022,284
Groceries,Delhi,06-09-2022,702
Clothing,Mumbai,06-09-2022,29
Electronics,Mumbai,06-09-2022,573
Groceries,Mumbai,06-09-2022,254
Groceries,Bangalore,06-09-2022,491
Electronics,Bangalore,06-09-2022,588
Clothing,Bangalore,06-09-2022,348
Clothing,Delhi,06-10-2022,566
Electronics,Delhi,06-10-2022,653
Groceries,Delhi,06-10-2022,412
Clothing,Mumbai,06-10-2022,218
Electronics,Mumbai,06-10-2022,478
Groceries,Mumbai,06-10-2022,703
Groceries,Bangalore,06-10-2022,629
Clothing,Bangalore,06-10-2022,401
Electronics,Bangalore,06-10-2022,478
Groceries,Delhi,06-11-2022,657
Clothing,Delhi,06-11-2022,353
Electronics,Delhi,06-11-2022,468
Clothing,Mumbai,06-11-2022,1112
Groceries,Mumbai,06-11-2022,841
Electronics,Mumbai,06-11-2022,220
Clothing,Bangalore,06-11-2022,757
Electronics,Bangalore,06-11-2022,198
Groceries,Bangalore,06-11-2022,982
Clothing,Delhi,06-12-2022,654
Groceries,Delhi,06-12-2022,666
Electronics,Delhi,06-12-2022,312
Electronics,Mumbai,06-12-2022,885
Groceries,Mumbai,06-12-2022,192
Clothing,Mumbai,06-12-2022,805
Groceries,Bangalore,06-12-2022,428
Electronics,Bangalore,06-12-2022,48
Clothing,Bangalore,06-12-2022,662
Clothing,Delhi,07-01-2022,341
Groceries,Delhi,07-01-2022,184
Electronics,Delhi,07-01-2022,228
Electronics,Mumbai,07-01-2022,537
Groceries,Mumbai,07-01-2022,145
Clothing,Mumbai,07-01-2022,121
Groceries,Bangalore,07-01-2022,1079
Clothing,Bangalore,07-01-2022,590
Electronics,Bangalore,07-01-2022,248
Groceries,Delhi,07-02-2022,573
Clothing,Delhi,07-02-2022,603
Electronics,Delhi,07-02-2022,568
Electronics,Mumbai,07-02-2022,98
Groceries,Mumbai,07-02-2022,355
Clothing,Mumbai,07-02-2022,796
Clothing,Bangalore,07-02-2022,807
Groceries,Bangalore,07-02-2022,474
Electronics,Bangalore,07-02-2022,445
Groceries,Delhi,07-03-2022,1032
Clothing,Delhi,07-03-2022,575
Electronics,Delhi,07-03-2022,3
Groceries,Mumbai,07-03-2022,947
Electronics,Mumbai,07-03-2022,364
Clothing,Mumbai,07-03-2022,498
Clothing,Bangalore,07-03-2022,457
Groceries,Bangalore,07-03-2022,402
Electronics,Bangalore,07-03-2022,599
Electronics,Delhi,07-04-2022,520
Clothing,Delhi,07-04-2022,265
Groceries,Delhi,07-04-2022,435
Electronics,Mumbai,07-04-2022,950
Clothing,Mumbai,07-04-2022,655
Groceries,Mumbai,07-04-2022,90
Electronics,Bangalore,07-04-2022,467
Groceries,Bangalore,07-04-2022,520
Clothing,Bangalore,07-04-2022,957
Groceries,Delhi,07-05-2022,989
Clothing,Delhi,07-05-2022,143
Electronics,Delhi,07-05-2022,549
Groceries,Mumbai,07-05-2022,827
Electronics,Mumbai,07-05-2022,573
Clothing,Mumbai,07-05-2022,81
Clothing,Bangalore,07-05-2022,549
Groceries,Bangalore,07-05-2022,269
Electronics,Bangalore,07-05-2022,894
Groceries,Delhi,07-06-2022,944
Electronics,Delhi,07-06-2022,224
Clothing,Mumbai,07-06-2022,742
Electronics,Mumbai,07-06-2022,328
Electronics,Bangalore,07-06-2022,465
Groceries,Bangalore,07-06-2022,1103
Clothing,Bangalore,07-06-2022,276
Clothing,Delhi,07-07-2022,988
Groceries,Delhi,07-07-2022,1217
Electronics,Delhi,07-07-2022,354
Clothing,Mumbai,07-07-2022,838
Groceries,Mumbai,07-07-2022,280
Electronics,Mumbai,07-07-2022,303
Groceries,Bangalore,07-07-2022,687
Clothing,Bangalore,07-07-2022,930
Electronics,Bangalore,07-07-2022,312
Groceries,Delhi,07-08-2022,665
Electronics,Delhi,07-08-2022,159
Clothing,Delhi,07-08-2022,3
Groceries,Mumbai,07-08-2022,864
Clothing,Mumbai,07-08-2022,683
Electronics,Mumbai,07-08-2022,220
Groceries,Bangalore,07-08-2022,434
Clothing,Bangalore,07-08-2022,1186
Electronics,Bangalore,07-08-2022,79
Groceries,Delhi,07-09-2022,582
Clothing,Delhi,07-09-2022,174
Electronics,Delhi,07-09-2022,123
Electronics,Mumbai,07-09-2022,751
Groceries,Mumbai,07-09-2022,861
Clothing,Mumbai,07-09-2022,706
Groceries,Bangalore,07-09-2022,1399
Electronics,Bangalore,07-09-2022,412
Clothing,Bangalore,07-09-2022,235
Electronics,Delhi,07-10-2022,1230
Groceries,Delhi,07-10-2022,249
Clothing,Delhi,07-10-2022,570
Groceries,Mumbai,07-10-2022,755
Electronics,Mumbai,07-10-2022,310
Clothing,Mumbai,07-10-2022,443
Electronics,Bangalore,07-10-2022,332
Clothing,Bangalore,07-10-2022,807
Groceries,Bangalore,07-10-2022,789
Groceries,Delhi,07-11-2022,321
Electronics,Delhi,07-11-2022,296
Clothing,Delhi,07-11-2022,316
Groceries,Mumbai,07-11-2022,192
Electronics,Mumbai,07-11-2022,288
Clothing,Mumbai,07-11-2022,415
Groceries,Bangalore,07-11-2022,644
Electronics,Bangalore,07-11-2022,435
Clothing,Bangalore,07-11-2022,555
Clothing,Delhi,07-12-2022,578
Groceries,Delhi,07-12-2022,962
Electronics,Delhi,07-12-2022,14
Clothing,Mumbai,07-12-2022,655
Electronics,Mumbai,07-12-2022,698
Clothing,Bangalore,07-12-2022,863
Electronics,Bangalore,07-12-2022,863
Groceries,Bangalore,07-12-2022,666
Electronics,Delhi,08-01-2022,887
Groceries,Delhi,08-01-2022,257
Clothing,Delhi,08-01-2022,183
Groceries,Mumbai,08-01-2022,446
Electronics,Mumbai,08-01-2022,901
Groceries,Bangalore,08-01-2022,349
Clothing,Bangalore,08-01-2022,462
Electronics,Bangalore,08-01-2022,674
Electronics,Delhi,08-02-2022,612
Groceries,Delhi,08-02-2022,578
Clothing,Delhi,08-02-2022,525
Groceries,Mumbai,08-02-2022,933
Electronics,Mumbai,08-02-2022,456
Clothing,Mumbai,08-02-2022,416
Groceries,Bangalore,08-02-2022,161
Clothing,Bangalore,08-02-2022,349
Electronics,Bangalore,08-02-2022,1070
Clothing,Delhi,08-03-2022,435
Electronics,Delhi,08-03-2022,1019
Groceries,Delhi,08-03-2022,225
Clothing,Mumbai,08-03-2022,302
Electronics,Mumbai,08-03-2022,1146
Groceries,Mumbai,08-03-2022,312
Clothing,Bangalore,08-03-2022,784
Groceries,Bangalore,08-03-2022,635
Electronics,Bangalore,08-03-2022,680
Clothing,Delhi,08-04-2022,331
Electronics,Delhi,08-04-2022,767
Groceries,Delhi,08-04-2022,141
Electronics,Mumbai,08-04-2022,913
Groceries,Mumbai,08-04-2022,216
Clothing,Mumbai,08-04-2022,101
Clothing,Bangalore,08-04-2022,613
Electronics,Bangalore,08-04-2022,987
Groceries,Bangalore,08-04-2022,616
Electronics,Delhi,08-05-2022,485
Groceries,Delhi,08-05-2022,866
Clothing,Delhi,08-05-2022,436
Electronics,Mumbai,08-05-2022,630
Groceries,Mumbai,08-05-2022,733
Clothing,Mumbai,08-05-2022,476
Electronics,Bangalore,08-05-2022,477
Groceries,Bangalore,08-05-2022,432
Clothing,Bangalore,08-05-2022,132
Electronics,Delhi,08-06-2022,601
Clothing,Delhi,08-06-2022,1073
Groceries,Delhi,08-06-2022,173
Electronics,Mumbai,08-06-2022,820
Groceries,Mumbai,08-06-2022,172
Clothing,Mumbai,08-06-2022,66
Groceries,Bangalore,08-06-2022,585
Clothing,Bangalore,08-06-2022,808
Electronics,Bangalore,08-06-2022,831
Electronics,Delhi,08-07-2022,1093
Groceries,Delhi,08-07-2022,473
Clothing,Delhi,08-07-2022,280
Clothing,Mumbai,08-07-2022,164
Groceries,Mumbai,08-07-2022,723
Electronics,Mumbai,08-07-2022,795
Electronics,Bangalore,08-07-2022,423
Clothing,Bangalore,08-07-2022,1319
Groceries,Bangalore,08-07-2022,366
Clothing,Delhi,08-08-2022,698
Electronics,Delhi,08-08-2022,1125
Groceries,Delhi,08-08-2022,346
Electronics,Mumbai,08-08-2022,676
Clothing,Mumbai,08-08-2022,339
Groceries,Mumbai,08-08-2022,238
Groceries,Bangalore,08-08-2022,834
Electronics,Bangalore,08-08-2022,153
Clothing,Bangalore,08-08-2022,508
Groceries,Delhi,08-09-2022,33
Electronics,Delhi,08-09-2022,407
Clothing,Delhi,08-09-2022,54
Groceries,Mumbai,08-09-2022,852
Clothing,Mumbai,08-09-2022,47
Electronics,Mumbai,08-09-2022,13
Clothing,Bangalore,08-09-2022,652
Groceries,Bangalore,08-09-2022,360
Electronics,Bangalore,08-09-2022,387
Electronics,Delhi,08-10-2022,442
Clothing,Delhi,08-10-2022,664
Groceries,Delhi,08-10-2022,124
Clothing,Mumbai,08-10-2022,170
Electronics,Mumbai,08-10-2022,1203
Groceries,Mumbai,08-10-2022,764
Electronics,Bangalore,08-10-2022,1382
Clothing,Bangalore,08-10-2022,309
Groceries,Bangalore,08-10-2022,438
Groceries,Delhi,08-11-2022,839
Electronics,Delhi,08-11-2022,348
Clothing,Delhi,08-11-2022,400
Clothing,Mumbai,08-11-2022,145
Electronics,Mumbai,08-11-2022,1372
Groceries,Mumbai,08-11-2022,249
Electronics,Bangalore,08-11-2022,187
Groceries,Bangalore,08-11-2022,273
Clothing,Bangalore,08-11-2022,221
Electronics,Delhi,08-12-2022,998
Groceries,Delhi,08-12-2022,186
Clothing,Delhi,08-12-2022,219
Clothing,Mumbai,08-12-2022,752
Electronics,Mumbai,08-12-2022,762
Groceries,Mumbai,08-12-2022,297
Clothing,Bangalore,08-12-2022,377
Electronics,Bangalore,08-12-2022,301
Groceries,Bangalore,08-12-2022,74
Electronics,Delhi,09-01-2022,1433
Groceries,Delhi,09-01-2022,554
Clothing,Delhi,09-01-2022,405
Electronics,Mumbai,09-01-2022,516
Groceries,Mumbai,09-01-2022,524
Clothing,Mumbai,09-01-2022,347
Electronics,Bangalore,09-01-2022,775
Clothing,Bangalore,09-01-2022,870
Groceries,Bangalore,09-01-2022,279
Clothing,Delhi,09-02-2022,880
Electronics,Delhi,09-02-2022,1344
Groceries,Delhi,09-02-2022,44
Electronics,Mumbai,09-02-2022,306
Clothing,Mumbai,09-02-2022,1039
Groceries,Mumbai,09-02-2022,302
Electronics,Bangalore,09-02-2022,372
Groceries,Bangalore,09-02-2022,1878
Clothing,Bangalore,09-02-2022,515
Clothing,Delhi,09-03-2022,549
Electronics,Delhi,09-03-2022,567
Groceries,Delhi,09-03-2022,1140
Clothing,Mumbai,09-03-2022,377
Electronics,Mumbai,09-03-2022,323
Groceries,Mumbai,09-03-2022,387
Groceries,Bangalore,09-03-2022,32
Electronics,Bangalore,09-03-2022,1263
Clothing,Bangalore,09-03-2022,337
Clothing,Delhi,09-04-2022,1504
Groceries,Delhi,09-04-2022,973
Electronics,Delhi,09-04-2022,25
Groceries,Mumbai,09-04-2022,741
Clothing,Mumbai,09-04-2022,1026
Electronics,Mumbai,09-04-2022,477
Electronics,Bangalore,09-04-2022,967
Groceries,Bangalore,09-04-2022,397
Clothing,Bangalore,09-04-2022,533
Clothing,Delhi,09-05-2022,64
Groceries,Delhi,09-05-2022,725
Electronics,Delhi,09-05-2022,47
Electronics,Mumbai,09-05-2022,341
Groceries,Mumbai,09-05-2022,446
Clothing,Mumbai,09-05-2022,180
Groceries,Bangalore,09-05-2022,656
Electronics,Bangalore,09-05-2022,973
Clothing,Bangalore,09-05-2022,84
Electronics,Delhi,09-06-2022,1150
Groceries,Delhi,09-06-2022,275
Clothing,Delhi,09-06-2022,423
Groceries,Mumbai,09-06-2022,561
Clothing,Mumbai,09-06-2022,631
Electronics,Mumbai,09-06-2022,745
Clothing,Bangalore,09-06-2022,411
Groceries,Bangalore,09-06-2022,470
Electronics,Bangalore,09-06-2022,522
Clothing,Delhi,09-07-2022,876
Groceries,Delhi,09-07-2022,703
Electronics,Delhi,09-07-2022,360
Clothing,Mumbai,09-07-2022,1026
Electronics,Mumbai,09-07-2022,521
Groceries,Mumbai,09-07-2022,499
Groceries,Bangalore,09-07-2022,188
Electronics,Bangalore,09-07-2022,733
Clothing,Bangalore,09-07-2022,684
Groceries,Delhi,09-08-2022,285
Clothing,Delhi,09-08-2022,1048
Electronics,Delhi,09-08-2022,818
Groceries,Mumbai,09-08-2022,330
Clothing,Mumbai,09-08-2022,466
Electronics,Mumbai,09-08-2022,417
Groceries,Bangalore,09-08-2022,420
Clothing,Bangalore,09-08-2022,582
Electronics,Bangalore,09-08-2022,131
Groceries,Delhi,09-09-2022,760
Electronics,Delhi,09-09-2022,982
Clothing,Delhi,09-09-2022,383
Electronics,Mumbai,09-09-2022,203
Groceries,Mumbai,09-09-2022,287
Clothing,Mumbai,09-09-2022,466
Clothing,Bangalore,09-09-2022,603
Electronics,Bangalore,09-09-2022,562
Groceries,Bangalore,09-09-2022,822
Electronics,Delhi,09-10-2022,1123
Groceries,Delhi,09-10-2022,198
Clothing,Delhi,09-10-2022,248
Groceries,Mumbai,09-10-2022,950
Electronics,Mumbai,09-10-2022,528
Clothing,Mumbai,09-10-2022,582
Electronics,Bangalore,09-10-2022,466
Groceries,Bangalore,09-10-2022,830
Clothing,Bangalore,09-10-2022,472
Electronics,Delhi,09-11-2022,342
Clothing,Delhi,09-11-2022,462
Groceries,Delhi,09-11-2022,517
Groceries,Mumbai,09-11-2022,1046
Clothing,Mumbai,09-11-2022,674
Electronics,Mumbai,09-11-2022,59
Groceries,Bangalore,09-11-2022,1151
Electronics,Bangalore,09-11-2022,422
Clothing,Bangalore,09-11-2022,225
Groceries,Delhi,09-12-2022,872
Clothing,Delhi,09-12-2022,1003
Electronics,Delhi,09-12-2022,305
Electronics,Mumbai,09-12-2022,123
Groceries,Mumbai,09-12-2022,999
Clothing,Mumbai,09-12-2022,537
Clothing,Bangalore,09-12-2022,593
Groceries,Bangalore,09-12-2022,439
Electronics,Bangalore,09-12-2022,653
Clothing,Delhi,10-01-2022,688
Groceries,Delhi,10-01-2022,474
Electronics,Delhi,10-01-2022,930
Clothing,Mumbai,10-01-2022,508
Electronics,Mumbai,10-01-2022,1860
Groceries,Mumbai,10-01-2022,256
Clothing,Bangalore,10-01-2022,580
Electronics,Bangalore,10-01-2022,673
Groceries,Bangalore,10-01-2022,615
Groceries,Delhi,10-02-2022,740
Electronics,Delhi,10-02-2022,211
Clothing,Delhi,10-02-2022,546
Clothing,Mumbai,10-02-2022,230
Groceries,Mumbai,10-02-2022,199
Electronics,Mumbai,10-02-2022,110
Electronics,Bangalore,10-02-2022,852
Groceries,Bangalore,10-02-2022,720
Clothing,Bangalore,10-02-2022,56
Electronics,Delhi,10-03-2022,761
Groceries,Delhi,10-03-2022,211
Clothing,Delhi,10-03-2022,809
Electronics,Mumbai,10-03-2022,656
Groceries,Mumbai,10-03-2022,948
Clothing,Mumbai,10-03-2022,174
Clothing,Bangalore,10-03-2022,345
Groceries,Bangalore,10-03-2022,668
Electronics,Bangalore,10-03-2022,485
Electronics,Delhi,10-04-2022,691
Clothing,Delhi,10-04-2022,930
Groceries,Delhi,10-04-2022,611
Groceries,Mumbai,10-04-2022,473
Clothing,Mumbai,10-04-2022,721
Electronics,Mumbai,10-04-2022,267
Groceries,Bangalore,10-04-2022,1050
Clothing,Bangalore,10-04-2022,968
Electronics,Bangalore,10-04-2022,236
Groceries,Delhi,10-05-2022,178
Electronics,Delhi,10-05-2022,389
Clothing,Delhi,10-05-2022,533
Clothing,Mumbai,10-05-2022,575
Electronics,Mumbai,10-05-2022,501
Groceries,Mumbai,10-05-2022,543
Groceries,Bangalore,10-05-2022,535
Electronics,Bangalore,10-05-2022,1179
Clothing,Bangalore,10-05-2022,816
Clothing,Delhi,10-06-2022,813
Groceries,Delhi,10-06-2022,406
Electronics,Delhi,10-06-2022,143
Clothing,Mumbai,10-06-2022,692
Electronics,Mumbai,10-06-2022,935
Groceries,Mumbai,10-06-2022,283
Groceries,Bangalore,10-06-2022,926
Clothing,Bangalore,10-06-2022,1148
Electronics,Bangalore,10-06-2022,61
Clothing,Delhi,10-07-2022,307
Groceries,Delhi,10-07-2022,691
Electronics,Delhi,10-07-2022,13
Clothing,Mumbai,10-07-2022,45
Groceries,Mumbai,10-07-2022,475
Electronics,Mumbai,10-07-2022,526
Groceries,Bangalore,10-07-2022,637
Clothing,Bangalore,10-07-2022,505
Electronics,Bangalore,10-07-2022,687
Electronics,Delhi,10-08-2022,1316
Groceries,Delhi,10-08-2022,438
Clothing,Delhi,10-08-2022,498
Clothing,Mumbai,10-08-2022,651
Groceries,Mumbai,10-08-2022,122
Groceries,Bangalore,10-08-2022,815
Electronics,Bangalore,10-08-2022,696
Clothing,Bangalore,10-08-2022,353
Groceries,Delhi,10-09-2022,626
Electronics,Delhi,10-09-2022,833
Clothing,Delhi,10-09-2022,457
Groceries,Mumbai,10-09-2022,426
Clothing,Mumbai,10-09-2022,880
Electronics,Mumbai,10-09-2022,445
Groceries,Bangalore,10-09-2022,1067
Clothing,Bangalore,10-09-2022,363
Electronics,Bangalore,10-09-2022,569
Electronics,Delhi,10-10-2022,676
Groceries,Delhi,10-10-2022,789
Clothing,Delhi,10-10-2022,40
Electronics,Mumbai,10-10-2022,662
Clothing,Mumbai,10-10-2022,239
Groceries,Mumbai,10-10-2022,950
Groceries,Bangalore,10-10-2022,924
Clothing,Bangalore,10-10-2022,1294
Electronics,Bangalore,10-10-2022,379
Clothing,Delhi,10-11-2022,282
Electronics,Delhi,10-11-2022,528
Groceries,Delhi,10-11-2022,435
Groceries,Mumbai,10-11-2022,336
Electronics,Mumbai,10-11-2022,1034
Clothing,Mumbai,10-11-2022,207
Groceries,Bangalore,10-11-2022,890
Electronics,Bangalore,10-11-2022,421
Clothing,Bangalore,10-11-2022,507
Electronics,Delhi,10-12-2022,527
Clothing,Delhi,10-12-2022,613
Groceries,Delhi,10-12-2022,888
Groceries,Mumbai,10-12-2022,364
Clothing,Mumbai,10-12-2022,655
Electronics,Mumbai,10-12-2022,376
Electronics,Bangalore,10-12-2022,320
Groceries,Bangalore,10-12-2022,391
Clothing,Bangalore,10-12-2022,278
Groceries,Delhi,11-01-2022,852
Clothing,Delhi,11-01-2022,1097
Electronics,Delhi,11-01-2022,748
Electronics,Mumbai,11-01-2022,406
Clothing,Mumbai,11-01-2022,371
Groceries,Mumbai,11-01-2022,648
Electronics,Bangalore,11-01-2022,1417
Clothing,Bangalore,11-01-2022,653
Groceries,Bangalore,11-01-2022,33
Groceries,Delhi,11-02-2022,773
Clothing,Delhi,11-02-2022,521
Electronics,Delhi,11-02-2022,636
Groceries,Mumbai,11-02-2022,663
Electronics,Mumbai,11-02-2022,268
Clothing,Mumbai,11-02-2022,177
Groceries,Bangalore,11-02-2022,282
Electronics,Bangalore,11-02-2022,718
Clothing,Bangalore,11-02-2022,339
Electronics,Delhi,11-03-2022,417
Clothing,Delhi,11-03-2022,488
Groceries,Delhi,11-03-2022,402
Electronics,Mumbai,11-03-2022,714
Groceries,Mumbai,11-03-2022,444
Clothing,Mumbai,11-03-2022,27
Groceries,Bangalore,11-03-2022,528
Electronics,Bangalore,11-03-2022,430
Clothing,Bangalore,11-03-2022,649
Clothing,Delhi,11-04-2022,224
Groceries,Delhi,11-04-2022,980
Electronics,Delhi,11-04-2022,397
Clothing,Mumbai,11-04-2022,812
Groceries,Mumbai,11-04-2022,241
Electronics,Mumbai,11-04-2022,479
Groceries,Bangalore,11-04-2022,683
Clothing,Bangalore,11-04-2022,391
Electronics,Bangalore,11-04-2022,112
Electronics,Delhi,11-05-2022,798
Clothing,Delhi,11-05-2022,1117
Groceries,Delhi,11-05-2022,141
Groceries,Mumbai,11-05-2022,996
Clothing,Mumbai,11-05-2022,994
Electronics,Mumbai,11-05-2022,147
Groceries,Bangalore,11-05-2022,14
Clothing,Bangalore,11-05-2022,1135
Electronics,Bangalore,11-05-2022,673
Groceries,Delhi,11-06-2022,811
Electronics,Delhi,11-06-2022,1543
Clothing,Delhi,11-06-2022,100
Clothing,Mumbai,11-06-2022,677
Groceries,Mumbai,11-06-2022,583
Electronics,Mumbai,11-06-2022,679
Electronics,Bangalore,11-06-2022,316
Clothing,Bangalore,11-06-2022,348
Groceries,Bangalore,11-06-2022,251
Groceries,Delhi,11-07-2022,668
Clothing,Delhi,11-07-2022,882
Electronics,Delhi,11-07-2022,390
Groceries,Mumbai,11-07-2022,563
Electronics,Mumbai,11-07-2022,758
Clothing,Mumbai,11-07-2022,53
Groceries,Bangalore,11-07-2022,671
Electronics,Bangalore,11-07-2022,423
Clothing,Bangalore,11-07-2022,831
Electronics,Delhi,11-08-2022,303
Groceries,Delhi,11-08-2022,537
Clothing,Delhi,11-08-2022,414
Electronics,Mumbai,11-08-2022,976
Groceries,Mumbai,11-08-2022,257
Clothing,Mumbai,11-08-2022,547
Clothing,Bangalore,11-08-2022,381
Electronics,Bangalore,11-08-2022,607
Groceries,Bangalore,11-08-2022,282
Electronics,Delhi,11-09-2022,793
Groceries,Delhi,11-09-2022,503
Clothing,Delhi,11-09-2022,650
Clothing,Mumbai,11-09-2022,877
Electronics,Mumbai,11-09-2022,361
Groceries,Mumbai,11-09-2022,403
Groceries,Bangalore,11-09-2022,721
Clothing,Bangalore,11-09-2022,190
Electronics,Bangalore,11-09-2022,267
Groceries,Delhi,11-10-2022,620
Clothing,Delhi,11-10-2022,520
Electronics,Delhi,11-10-2022,135
Electronics,Mumbai,11-10-2022,651
Clothing,Mumbai,11-10-2022,379
Groceries,Mumbai,11-10-2022,282
Groceries,Bangalore,11-10-2022,973
Electronics,Bangalore,11-10-2022,427
Clothing,Bangalore,11-10-2022,952
Clothing,Delhi,11-11-2022,592
Electronics,Delhi,11-11-2022,513
Groceries,Delhi,11-11-2022,341
Clothing,Mumbai,11-11-2022,1439
Groceries,Mumbai,11-11-2022,448
Electronics,Mumbai,11-11-2022,927
Electronics,Bangalore,11-11-2022,336
Clothing,Bangalore,11-11-2022,503
Groceries,Bangalore,11-11-2022,214
Electronics,Delhi,11-12-2022,682
Groceries,Delhi,11-12-2022,739
Clothing,Delhi,11-12-2022,932
Electronics,Mumbai,11-12-2022,1286
Clothing,Mumbai,11-12-2022,196
Electronics,Bangalore,11-12-2022,290
Groceries,Bangalore,11-12-2022,103
Clothing,Bangalore,11-12-2022,545
Groceries,Delhi,12-01-2022,812
Clothing,Delhi,12-01-2022,767
Electronics,Delhi,12-01-2022,299
Electronics,Mumbai,12-01-2022,684
Groceries,Mumbai,12-01-2022,575
Clothing,Mumbai,12-01-2022,102
Electronics,Bangalore,12-01-2022,251
Groceries,Bangalore,12-01-2022,986
Clothing,Bangalore,12-01-2022,624
Clothing,Delhi,12-02-2022,727
Groceries,Delhi,12-02-2022,348
Electronics,Delhi,12-02-2022,499
Clothing,Mumbai,12-02-2022,486
Electronics,Mumbai,12-02-2022,383
Groceries,Mumbai,12-02-2022,660
Electronics,Bangalore,12-02-2022,468
Groceries,Bangalore,12-02-2022,553
Clothing,Bangalore,12-02-2022,698
Groceries,Delhi,12-03-2022,284
Electronics,Delhi,12-03-2022,1039
Clothing,Delhi,12-03-2022,1003
Groceries,Mumbai,12-03-2022,531
Electronics,Mumbai,12-03-2022,703
Clothing,Mumbai,12-03-2022,211
Clothing,Bangalore,12-03-2022,946
Groceries,Bangalore,12-03-2022,546
Electronics,Bangalore,12-03-2022,355
Groceries,Delhi,12-04-2022,525
Electronics,Delhi,12-04-2022,456
Clothing,Delhi,12-04-2022,631
Electronics,Mumbai,12-04-2022,746
Clothing,Mumbai,12-04-2022,1259
Groceries,Mumbai,12-04-2022,232
Clothing,Bangalore,12-04-2022,188
Groceries,Bangalore,12-04-2022,739
Electronics,Bangalore,12-04-2022,342
Electronics,Delhi,12-05-2022,696
Clothing,Delhi,12-05-2022,597
Groceries,Delhi,12-05-2022,28
Electronics,Mumbai,12-05-2022,411
Clothing,Mumbai,12-05-2022,681
Groceries,Mumbai,12-05-2022,147
Groceries,Bangalore,12-05-2022,310
Clothing,Bangalore,12-05-2022,552
Electronics,Bangalore,12-05-2022,398
Groceries,Delhi,12-06-2022,506
Clothing,Delhi,12-06-2022,715
Electronics,Delhi,12-06-2022,490
Clothing,Mumbai,12-06-2022,570
Groceries,Mumbai,12-06-2022,1574
Clothing,Bangalore,12-06-2022,29
Groceries,Bangalore,12-06-2022,1174
Electronics,Bangalore,12-06-2022,452
Electronics,Delhi,12-07-2022,819
Clothing,Delhi,12-07-2022,1572
Groceries,Delhi,12-07-2022,539
Electronics,Mumbai,12-07-2022,284
Clothing,Mumbai,12-07-2022,1020
Groceries,Mumbai,12-07-2022,299
Clothing,Bangalore,12-07-2022,520
Electronics,Bangalore,12-07-2022,641
Groceries,Bangalore,12-07-2022,262
Groceries,Delhi,12-08-2022,278
Clothing,Delhi,12-08-2022,408
Electronics,Delhi,12-08-2022,419
Groceries,Mumbai,12-08-2022,661
Electronics,Mumbai,12-08-2022,367
Clothing,Mumbai,12-08-2022,800
Groceries,Bangalore,12-08-2022,525
Clothing,Bangalore,12-08-2022,1045
Electronics,Bangalore,12-08-2022,503
Groceries,Delhi,12-09-2022,343
Clothing,Delhi,12-09-2022,180
Electronics,Delhi,12-09-2022,908
Electronics,Mumbai,12-09-2022,371
Clothing,Mumbai,12-09-2022,981
Groceries,Mumbai,12-09-2022,225
Clothing,Bangalore,12-09-2022,428
Electronics,Bangalore,12-09-2022,429
Groceries,Bangalore,12-09-2022,488
Groceries,Delhi,12-10-2022,169
Clothing,Delhi,12-10-2022,1055
Electronics,Delhi,12-10-2022,127
Groceries,Mumbai,12-10-2022,529
Clothing,Mumbai,12-10-2022,530
Electronics,Mumbai,12-10-2022,161
Groceries,Bangalore,12-10-2022,332
Electronics,Bangalore,12-10-2022,463
Clothing,Bangalore,12-10-2022,936
Electronics,Delhi,12-11-2022,223
Clothing,Delhi,12-11-2022,446
Groceries,Delhi,12-11-2022,481
Clothing,Mumbai,12-11-2022,521
Electronics,Mumbai,12-11-2022,763
Groceries,Mumbai,12-11-2022,529
Electronics,Bangalore,12-11-2022,331
Groceries,Bangalore,12-11-2022,668
Clothing,Bangalore,12-11-2022,565
Clothing,Delhi,12-12-2022,269
Groceries,Delhi,12-12-2022,463
Electronics,Delhi,12-12-2022,278
Clothing,Mumbai,12-12-2022,162
Electronics,Mumbai,12-12-2022,709
Groceries,Mumbai,12-12-2022,646
Groceries,Bangalore,12-12-2022,723
Electronics,Bangalore,12-12-2022,214
Clothing,Bangalore,12-12-2022,196
Clothing,Delhi,01-01-2023,644
Groceries,Delhi,01-01-2023,300
Electronics,Delhi,01-01-2023,815
Clothing,Mumbai,01-01-2023,673
Groceries,Mumbai,01-01-2023,1444
Electronics,Mumbai,01-01-2023,107
Clothing,Bangalore,01-01-2023,755
Groceries,Bangalore,01-01-2023,518
Electronics,Bangalore,01-01-2023,562
Clothing,Delhi,01-02-2023,295
Groceries,Delhi,01-02-2023,712
Electronics,Delhi,01-02-2023,945
Groceries,Mumbai,01-02-2023,1487
Electronics,Mumbai,01-02-2023,668
Clothing,Mumbai,01-02-2023,500
Electronics,Bangalore,01-02-2023,625
Clothing,Bangalore,01-02-2023,85
Groceries,Bangalore,01-02-2023,662
Electronics,Delhi,01-03-2023,1113
Groceries,Delhi,01-03-2023,521
Clothing,Delhi,01-03-2023,980
Clothing,Mumbai,01-03-2023,20
Groceries,Mumbai,01-03-2023,406
Electronics,Mumbai,01-03-2023,454
Electronics,Bangalore,01-03-2023,806
Groceries,Bangalore,01-03-2023,726
Clothing,Bangalore,01-03-2023,468
Clothing,Delhi,01-04-2023,516
Groceries,Delhi,01-04-2023,769
Electronics,Delhi,01-04-2023,469
Electronics,Mumbai,01-04-2023,563
Clothing,Mumbai,01-04-2023,399
Groceries,Mumbai,01-04-2023,272
Clothing,Bangalore,01-04-2023,549
Groceries,Bangalore,01-04-2023,688
Electronics,Bangalore,01-04-2023,70
Groceries,Delhi,01-05-2023,761
Electronics,Delhi,01-05-2023,589
Clothing,Delhi,01-05-2023,417
Electronics,Mumbai,01-05-2023,261
Groceries,Mumbai,01-05-2023,469
Clothing,Mumbai,01-05-2023,326
Electronics,Bangalore,01-05-2023,854
Groceries,Bangalore,01-05-2023,598
Clothing,Bangalore,01-05-2023,308
Clothing,Delhi,01-06-2023,508
Groceries,Delhi,01-06-2023,656
Electronics,Delhi,01-06-2023,495
Electronics,Mumbai,01-06-2023,781
Groceries,Mumbai,01-06-2023,331
Clothing,Mumbai,01-06-2023,435
Electronics,Bangalore,01-06-2023,729
Groceries,Bangalore,01-06-2023,636
Clothing,Bangalore,01-06-2023,385
Clothing,Delhi,01-07-2023,87
Electronics,Delhi,01-07-2023,294
Groceries,Delhi,01-07-2023,434
Clothing,Mumbai,01-07-2023,628
Groceries,Mumbai,01-07-2023,512
Electronics,Mumbai,01-07-2023,646
Clothing,Bangalore,01-07-2023,515
Groceries,Bangalore,01-07-2023,839
Electronics,Bangalore,01-07-2023,1001
Clothing,Delhi,01-08-2023,298
Electronics,Delhi,01-08-2023,625
Groceries,Delhi,01-08-2023,175
Groceries,Mumbai,01-08-2023,659
Clothing,Mumbai,01-08-2023,306
Electronics,Mumbai,01-08-2023,409
Electronics,Bangalore,01-08-2023,690
Groceries,Bangalore,01-08-2023,921
Clothing,Bangalore,01-08-2023,99
Groceries,Delhi,01-09-2023,466
Electronics,Delhi,01-09-2023,496
Electronics,Mumbai,01-09-2023,194
Clothing,Mumbai,01-09-2023,1123
Groceries,Mumbai,01-09-2023,629
Electronics,Bangalore,01-09-2023,33
Groceries,Bangalore,01-09-2023,1073
Clothing,Bangalore,01-09-2023,179
Electronics,Delhi,01-10-2023,591
Clothing,Delhi,01-10-2023,183
Groceries,Delhi,01-10-2023,1351
Electronics,Mumbai,01-10-2023,586
Clothing,Mumbai,01-10-2023,244
Groceries,Mumbai,01-10-2023,214
Electronics,Bangalore,01-10-2023,324
Groceries,Bangalore,01-10-2023,666
Clothing,Bangalore,01-10-2023,443
Clothing,Delhi,01-11-2023,528
Electronics,Delhi,01-11-2023,598
Groceries,Delhi,01-11-2023,533
Clothing,Mumbai,01-11-2023,134
Groceries,Mumbai,01-11-2023,776
Electronics,Mumbai,01-11-2023,11
Groceries,Bangalore,01-11-2023,298
Clothing,Bangalore,01-11-2023,529
Electronics,Bangalore,01-11-2023,164
Clothing,Delhi,01-12-2023,783
Groceries,Delhi,01-12-2023,1396
Electronics,Delhi,01-12-2023,635
Groceries,Mumbai,01-12-2023,991
Clothing,Mumbai,01-12-2023,242
Electronics,Mumbai,01-12-2023,78
Groceries,Bangalore,01-12-2023,824
Electronics,Bangalore,01-12-2023,564
Clothing,Bangalore,01-12-2023,438
Groceries,Delhi,02-01-2023,712
Electronics,Delhi,02-01-2023,251
Clothing,Delhi,02-01-2023,424
Clothing,Mumbai,02-01-2023,669
Groceries,Mumbai,02-01-2023,841
Electronics,Mumbai,02-01-2023,633
Electronics,Bangalore,02-01-2023,169
Groceries,Bangalore,02-01-2023,546
Clothing,Bangalore,02-01-2023,491
Clothing,Delhi,02-02-2023,204
Electronics,Delhi,02-02-2023,595
Groceries,Delhi,02-02-2023,242
Clothing,Mumbai,02-02-2023,1097
Groceries,Mumbai,02-02-2023,215
Electronics,Mumbai,02-02-2023,222
Electronics,Bangalore,02-02-2023,596
Clothing,Bangalore,02-02-2023,1162
Groceries,Bangalore,02-02-2023,589
Electronics,Delhi,02-03-2023,445
Clothing,Delhi,02-03-2023,151
Groceries,Delhi,02-03-2023,145
Clothing,Mumbai,02-03-2023,155
Electronics,Mumbai,02-03-2023,852
Groceries,Mumbai,02-03-2023,591
Clothing,Bangalore,02-03-2023,712
Electronics,Bangalore,02-03-2023,748
Groceries,Bangalore,02-03-2023,320
Groceries,Delhi,02-04-2023,834
Clothing,Delhi,02-04-2023,35
Electronics,Delhi,02-04-2023,425
Groceries,Mumbai,02-04-2023,324
Clothing,Mumbai,02-04-2023,285
Electronics,Mumbai,02-04-2023,302
Groceries,Bangalore,02-04-2023,639
Electronics,Bangalore,02-04-2023,179
Clothing,Bangalore,02-04-2023,115
Electronics,Delhi,02-05-2023,297
Clothing,Delhi,02-05-2023,1198
Groceries,Delhi,02-05-2023,706
Electronics,Mumbai,02-05-2023,671
Clothing,Mumbai,02-05-2023,269
Groceries,Mumbai,02-05-2023,208
Electronics,Bangalore,02-05-2023,441
Clothing,Bangalore,02-05-2023,600
Groceries,Bangalore,02-05-2023,1138
Clothing,Delhi,02-06-2023,517
Groceries,Delhi,02-06-2023,798
Electronics,Delhi,02-06-2023,194
Clothing,Mumbai,02-06-2023,883
Electronics,Mumbai,02-06-2023,594
Groceries,Mumbai,02-06-2023,392
Groceries,Bangalore,02-06-2023,603
Clothing,Bangalore,02-06-2023,769
Electronics,Bangalore,02-06-2023,527
Electronics,Delhi,02-07-2023,1016
Clothing,Delhi,02-07-2023,315
Groceries,Delhi,02-07-2023,252
Groceries,Mumbai,02-07-2023,552
Electronics,Mumbai,02-07-2023,391
Clothing,Mumbai,02-07-2023,493
Clothing,Bangalore,02-07-2023,1544
Groceries,Bangalore,02-07-2023,444
Electronics,Bangalore,02-07-2023,95
Groceries,Delhi,02-08-2023,1013
Clothing,Delhi,02-08-2023,730
Electronics,Delhi,02-08-2023,139
Electronics,Mumbai,02-08-2023,246
Groceries,Mumbai,02-08-2023,849
Clothing,Mumbai,02-08-2023,509
Electronics,Bangalore,02-08-2023,40
Clothing,Bangalore,02-08-2023,777
Groceries,Bangalore,02-08-2023,749
Groceries,Delhi,02-09-2023,370
Electronics,Delhi,02-09-2023,942
Clothing,Delhi,02-09-2023,210
Electronics,Mumbai,02-09-2023,194
Groceries,Mumbai,02-09-2023,507
Clothing,Mumbai,02-09-2023,198
Clothing,Bangalore,02-09-2023,524
Groceries,Bangalore,02-09-2023,394
Electronics,Bangalore,02-09-2023,218
Groceries,Delhi,02-10-2023,390
Clothing,Delhi,02-10-2023,951
Electronics,Delhi,02-10-2023,748
Clothing,Mumbai,02-10-2023,907
Electronics,Mumbai,02-10-2023,418
Groceries,Mumbai,02-10-2023,717
Groceries,Bangalore,02-10-2023,319
Clothing,Bangalore,02-10-2023,1136
Electronics,Bangalore,02-10-2023,517
Clothing,Delhi,02-11-2023,428
Groceries,Delhi,02-11-2023,805
Electronics,Delhi,02-11-2023,290
Clothing,Mumbai,02-11-2023,1187
Electronics,Mumbai,02-11-2023,195
Groceries,Mumbai,02-11-2023,484
Clothing,Bangalore,02-11-2023,813
Electronics,Bangalore,02-11-2023,458
Groceries,Bangalore,02-11-2023,172
Groceries,Delhi,02-12-2023,444
Clothing,Delhi,02-12-2023,634
Electronics,Delhi,02-12-2023,180
Electronics,Mumbai,02-12-2023,749
Groceries,Mumbai,02-12-2023,473
Clothing,Mumbai,02-12-2023,237
Groceries,Bangalore,02-12-2023,265
Electronics,Bangalore,02-12-2023,201
Clothing,Bangalore,02-12-2023,838
Clothing,Delhi,03-01-2023,432
Electronics,Delhi,03-01-2023,472
Groceries,Delhi,03-01-2023,738
Electronics,Mumbai,03-01-2023,247
Groceries,Mumbai,03-01-2023,933
Clothing,Mumbai,03-01-2023,202
Clothing,Bangalore,03-01-2023,674
Groceries,Bangalore,03-01-2023,310
Electronics,Bangalore,03-01-2023,746
Clothing,Delhi,03-02-2023,923
Groceries,Delhi,03-02-2023,244
Electronics,Delhi,03-02-2023,423
Electronics,Mumbai,03-02-2023,720
Clothing,Mumbai,03-02-2023,357
Groceries,Mumbai,03-02-2023,810
Groceries,Bangalore,03-02-2023,664
Electronics,Bangalore,03-02-2023,1029
Clothing,Bangalore,03-02-2023,888
Clothing,Delhi,03-03-2023,841
Groceries,Delhi,03-03-2023,268
Electronics,Delhi,03-03-2023,295
Electronics,Mumbai,03-03-2023,912
Clothing,Mumbai,03-03-2023,962
Groceries,Mumbai,03-03-2023,1052
Clothing,Bangalore,03-03-2023,320
Electronics,Bangalore,03-03-2023,1144
Groceries,Bangalore,03-03-2023,1100
Groceries,Delhi,03-04-2023,639
Electronics,Delhi,03-04-2023,1330
Clothing,Delhi,03-04-2023,317
Groceries,Mumbai,03-04-2023,411
Electronics,Mumbai,03-04-2023,205
Clothing,Mumbai,03-04-2023,565
Clothing,Bangalore,03-04-2023,679
Groceries,Bangalore,03-04-2023,351
Electronics,Bangalore,03-04-2023,220
Electronics,Delhi,03-05-2023,514
Clothing,Delhi,03-05-2023,544
Groceries,Delhi,03-05-2023,332
Clothing,Mumbai,03-05-2023,383
Groceries,Mumbai,03-05-2023,709
Electronics,Mumbai,03-05-2023,297
Clothing,Bangalore,03-05-2023,312
Groceries,Bangalore,03-05-2023,315
Electronics,Bangalore,03-05-2023,635
Groceries,Delhi,03-06-2023,389
Electronics,Delhi,03-06-2023,1004
Groceries,Mumbai,03-06-2023,213
Electronics,Mumbai,03-06-2023,45
Clothing,Mumbai,03-06-2023,855
Groceries,Bangalore,03-06-2023,633
Clothing,Bangalore,03-06-2023,646
Electronics,Bangalore,03-06-2023,246
Electronics,Delhi,03-07-2023,469
Groceries,Delhi,03-07-2023,1300
Clothing,Delhi,03-07-2023,650
Electronics,Mumbai,03-07-2023,424
Clothing,Mumbai,03-07-2023,297
Groceries,Mumbai,03-07-2023,294
Clothing,Bangalore,03-07-2023,656
Groceries,Bangalore,03-07-2023,523
Electronics,Bangalore,03-07-2023,525
Groceries,Delhi,03-08-2023,285
Clothing,Delhi,03-08-2023,649
Electronics,Delhi,03-08-2023,159
Clothing,Mumbai,03-08-2023,528
Groceries,Mumbai,03-08-2023,350
Electronics,Mumbai,03-08-2023,249
Electronics,Bangalore,03-08-2023,926
Groceries,Bangalore,03-08-2023,407
Clothing,Bangalore,03-08-2023,17
Electronics,Delhi,03-09-2023,782
Clothing,Delhi,03-09-2023,433
Groceries,Delhi,03-09-2023,231
Electronics,Mumbai,03-09-2023,1212
Clothing,Mumbai,03-09-2023,1197
Groceries,Mumbai,03-09-2023,342
Clothing,Bangalore,03-09-2023,440
Electronics,Bangalore,03-09-2023,620
Groceries,Bangalore,03-09-2023,460
Electronics,Delhi,03-10-2023,186
Groceries,Delhi,03-10-2023,549
Clothing,Delhi,03-10-2023,885
Electronics,Mumbai,03-10-2023,125
Clothing,Mumbai,03-10-2023,1072
Groceries,Mumbai,03-10-2023,664
Electronics,Bangalore,03-10-2023,625
Clothing,Bangalore,03-10-2023,571
Groceries,Bangalore,03-10-2023,741
Groceries,Delhi,03-11-2023,20
Clothing,Delhi,03-11-2023,599
Electronics,Delhi,03-11-2023,114
Groceries,Mumbai,03-11-2023,718
Clothing,Mumbai,03-11-2023,427
Electronics,Mumbai,03-11-2023,82
Clothing,Bangalore,03-11-2023,843
Groceries,Bangalore,03-11-2023,386
Electronics,Bangalore,03-11-2023,432
Groceries,Delhi,03-12-2023,173
Clothing,Delhi,03-12-2023,885
Electronics,Delhi,03-12-2023,566
Groceries,Mumbai,03-12-2023,472
Clothing,Mumbai,03-12-2023,219
Electronics,Mumbai,03-12-2023,1205
Clothing,Bangalore,03-12-2023,174
Groceries,Bangalore,03-12-2023,1332
Electronics,Bangalore,03-12-2023,805
Groceries,Delhi,04-01-2023,935
Electronics,Delhi,04-01-2023,217
Clothing,Delhi,04-01-2023,91
Groceries,Mumbai,04-01-2023,411
Electronics,Mumbai,04-01-2023,495
Clothing,Mumbai,04-01-2023,1094
Clothing,Bangalore,04-01-2023,287
Electronics,Bangalore,04-01-2023,352
Groceries,Bangalore,04-01-2023,358
Clothing,Delhi,04-02-2023,629
Groceries,Delhi,04-02-2023,1001
Electronics,Delhi,04-02-2023,475
Electronics,Mumbai,04-02-2023,755
Groceries,Mumbai,04-02-2023,385
Clothing,Mumbai,04-02-2023,208
Groceries,Bangalore,04-02-2023,793
Clothing,Bangalore,04-02-2023,878
Electronics,Bangalore,04-02-2023,315
Clothing,Delhi,04-03-2023,1143
Electronics,Delhi,04-03-2023,666
Groceries,Delhi,04-03-2023,296
Groceries,Mumbai,04-03-2023,424
Clothing,Mumbai,04-03-2023,295
Electronics,Mumbai,04-03-2023,30
Clothing,Bangalore,04-03-2023,565
Groceries,Bangalore,04-03-2023,738
Electronics,Bangalore,04-03-2023,250
Clothing,Delhi,04-04-2023,1444
Groceries,Delhi,04-04-2023,145
Electronics,Delhi,04-04-2023,202
Electronics,Mumbai,04-04-2023,953
Clothing,Mumbai,04-04-2023,710
Groceries,Mumbai,04-04-2023,408
Clothing,Bangalore,04-04-2023,951
Electronics,Bangalore,04-04-2023,247
Groceries,Bangalore,04-04-2023,106
Clothing,Delhi,04-05-2023,279
Groceries,Delhi,04-05-2023,355
Electronics,Delhi,04-05-2023,531
Electronics,Mumbai,04-05-2023,971
Groceries,Mumbai,04-05-2023,156
Clothing,Mumbai,04-05-2023,216
Clothing,Bangalore,04-05-2023,594
Electronics,Bangalore,04-05-2023,847
Groceries,Bangalore,04-05-2023,307
Clothing,Delhi,04-06-2023,436
Electronics,Delhi,04-06-2023,497
Groceries,Delhi,04-06-2023,296
Electronics,Mumbai,04-06-2023,499
Clothing,Mumbai,04-06-2023,936
Groceries,Mumbai,04-06-2023,621
Groceries,Bangalore,04-06-2023,511
Clothing,Bangalore,04-06-2023,395
Electronics,Bangalore,04-06-2023,67
Clothing,Delhi,04-07-2023,362
Groceries,Delhi,04-07-2023,1177
Electronics,Delhi,04-07-2023,802
Clothing,Mumbai,04-07-2023,1501
Electronics,Mumbai,04-07-2023,283
Groceries,Mumbai,04-07-2023,515
Clothing,Bangalore,04-07-2023,498
Groceries,Bangalore,04-07-2023,667
Electronics,Bangalore,04-07-2023,617
Groceries,Delhi,04-08-2023,170
Clothing,Delhi,04-08-2023,142
Electronics,Delhi,04-08-2023,550
Clothing,Mumbai,04-08-2023,892
Groceries,Mumbai,04-08-2023,603
Groceries,Bangalore,04-08-2023,521
Clothing,Bangalore,04-08-2023,585
Electronics,Bangalore,04-08-2023,877
Groceries,Delhi,04-09-2023,632
Electronics,Delhi,04-09-2023,193
Clothing,Delhi,04-09-2023,1068
Electronics,Mumbai,04-09-2023,483
Clothing,Mumbai,04-09-2023,712
Groceries,Mumbai,04-09-2023,974
Clothing,Bangalore,04-09-2023,558
Groceries,Bangalore,04-09-2023,458
Electronics,Bangalore,04-09-2023,525
Electronics,Delhi,04-10-2023,55
Clothing,Delhi,04-10-2023,464
Groceries,Delhi,04-10-2023,454
Groceries,Mumbai,04-10-2023,410
Clothing,Mumbai,04-10-2023,903
Electronics,Mumbai,04-10-2023,379
Electronics,Bangalore,04-10-2023,667
Clothing,Bangalore,04-10-2023,304
Groceries,Bangalore,04-10-2023,283
Groceries,Delhi,04-11-2023,318
Electronics,Delhi,04-11-2023,273
Clothing,Delhi,04-11-2023,162
Groceries,Mumbai,04-11-2023,252
Electronics,Mumbai,04-11-2023,617
Clothing,Mumbai,04-11-2023,454
Groceries,Bangalore,04-11-2023,1084
Clothing,Bangalore,04-11-2023,800
Electronics,Bangalore,04-11-2023,323
Groceries,Delhi,04-12-2023,302
Clothing,Delhi,04-12-2023,855
Electronics,Delhi,04-12-2023,349
Electronics,Mumbai,04-12-2023,994
Clothing,Mumbai,04-12-2023,898
Groceries,Mumbai,04-12-2023,902
Clothing,Bangalore,04-12-2023,740
Groceries,Bangalore,04-12-2023,621
Electronics,Bangalore,04-12-2023,308
Electronics,Delhi,05-01-2023,231
Clothing,Delhi,05-01-2023,390
Groceries,Delhi,05-01-2023,625
Groceries,Mumbai,05-01-2023,306
Clothing,Mumbai,05-01-2023,544
Electronics,Mumbai,05-01-2023,428
Groceries,Bangalore,05-01-2023,1141
Clothing,Bangalore,05-01-2023,276
Electronics,Bangalore,05-01-2023,460
Clothing,Delhi,05-02-2023,996
Electronics,Delhi,05-02-2023,639
Groceries,Delhi,05-02-2023,456
Clothing,Mumbai,05-02-2023,245
Electronics,Mumbai,05-02-2023,354
Groceries,Mumbai,05-02-2023,364
Groceries,Bangalore,05-02-2023,178
Electronics,Bangalore,05-02-2023,310
Clothing,Bangalore,05-02-2023,128
Groceries,Delhi,05-03-2023,1687
Clothing,Delhi,05-03-2023,154
Electronics,Delhi,05-03-2023,296
Clothing,Mumbai,05-03-2023,279
Electronics,Mumbai,05-03-2023,814
Groceries,Mumbai,05-03-2023,493
Electronics,Bangalore,05-03-2023,574
Groceries,Bangalore,05-03-2023,313
Clothing,Bangalore,05-03-2023,600
Groceries,Delhi,05-04-2023,950
Clothing,Delhi,05-04-2023,150
Electronics,Delhi,05-04-2023,375
Electronics,Mumbai,05-04-2023,644
Clothing,Mumbai,05-04-2023,752
Groceries,Mumbai,05-04-2023,338
Groceries,Bangalore,05-04-2023,867
Electronics,Bangalore,05-04-2023,818
Clothing,Bangalore,05-04-2023,112
Groceries,Delhi,05-05-2023,705
Clothing,Delhi,05-05-2023,575
Electronics,Delhi,05-05-2023,82
Electronics,Mumbai,05-05-2023,539
Groceries,Mumbai,05-05-2023,944
Clothing,Mumbai,05-05-2023,240
Groceries,Bangalore,05-05-2023,1031
Clothing,Bangalore,05-05-2023,118
Electronics,Bangalore,05-05-2023,256
Electronics,Delhi,05-06-2023,615
Clothing,Delhi,05-06-2023,643
Groceries,Delhi,05-06-2023,123
Electronics,Mumbai,05-06-2023,1041
Clothing,Mumbai,05-06-2023,206
Groceries,Mumbai,05-06-2023,71
Groceries,Bangalore,05-06-2023,847
Clothing,Bangalore,05-06-2023,615
Electronics,Bangalore,05-06-2023,342
Groceries,Delhi,05-07-2023,345
Electronics,Delhi,05-07-2023,554
Clothing,Delhi,05-07-2023,480
Groceries,Mumbai,05-07-2023,271
Electronics,Mumbai,05-07-2023,347
Clothing,Mumbai,05-07-2023,357
Groceries,Bangalore,05-07-2023,413
Electronics,Bangalore,05-07-2023,570
Clothing,Bangalore,05-07-2023,1095
Groceries,Delhi,05-08-2023,356
Clothing,Delhi,05-08-2023,229
Electronics,Delhi,05-08-2023,373
Clothing,Mumbai,05-08-2023,1077
Electronics,Mumbai,05-08-2023,677
Groceries,Mumbai,05-08-2023,314
Electronics,Bangalore,05-08-2023,677
Groceries,Bangalore,05-08-2023,545
Clothing,Bangalore,05-08-2023,208
Clothing,Delhi,05-09-2023,181
Groceries,Delhi,05-09-2023,774
Electronics,Delhi,05-09-2023,461
Groceries,Mumbai,05-09-2023,375
Electronics,Mumbai,05-09-2023,430
Clothing,Mumbai,05-09-2023,670
Clothing,Bangalore,05-09-2023,1169
Electronics,Bangalore,05-09-2023,583
Groceries,Bangalore,05-09-2023,661
Clothing,Delhi,05-10-2023,839
Electronics,Delhi,05-10-2023,602
Groceries,Delhi,05-10-2023,910
Electronics,Mumbai,05-10-2023,873
Groceries,Mumbai,05-10-2023,244
Clothing,Mumbai,05-10-2023,473
Clothing,Bangalore,05-10-2023,976
Electronics,Bangalore,05-10-2023,480
Groceries,Bangalore,05-10-2023,322
Groceries,Delhi,05-11-2023,45
Clothing,Delhi,05-11-2023,373
Electronics,Delhi,05-11-2023,540
Clothing,Mumbai,05-11-2023,641
Groceries,Mumbai,05-11-2023,702
Electronics,Mumbai,05-11-2023,497
Groceries,Bangalore,05-11-2023,984
Electronics,Bangalore,05-11-2023,1219
Clothing,Bangalore,05-11-2023,153
Electronics,Delhi,05-12-2023,420
Clothing,Delhi,05-12-2023,981
Groceries,Delhi,05-12-2023,313
Groceries,Mumbai,05-12-2023,655
Electronics,Mumbai,05-12-2023,676
Clothing,Mumbai,05-12-2023,763
Groceries,Bangalore,05-12-2023,267
Clothing,Bangalore,05-12-2023,651
Electronics,Bangalore,05-12-2023,858
Groceries,Delhi,06-01-2023,491
Electronics,Delhi,06-01-2023,155
Clothing,Delhi,06-01-2023,240
Groceries,Mumbai,06-01-2023,343
Clothing,Mumbai,06-01-2023,1129
Electronics,Mumbai,06-01-2023,482
Clothing,Bangalore,06-01-2023,768
Electronics,Bangalore,06-01-2023,662
Groceries,Bangalore,06-01-2023,420
Clothing,Delhi,06-02-2023,923
Electronics,Delhi,06-02-2023,340
Groceries,Delhi,06-02-2023,579
Clothing,Mumbai,06-02-2023,1614
Electronics,Mumbai,06-02-2023,148
Groceries,Mumbai,06-02-2023,414
Clothing,Bangalore,06-02-2023,734
Electronics,Bangalore,06-02-2023,883
Groceries,Bangalore,06-02-2023,375
Clothing,Delhi,06-03-2023,474
Groceries,Delhi,06-03-2023,600
Electronics,Delhi,06-03-2023,909
Groceries,Mumbai,06-03-2023,737
Electronics,Mumbai,06-03-2023,1068
Clothing,Mumbai,06-03-2023,586
Electronics,Bangalore,06-03-2023,1024
Groceries,Bangalore,06-03-2023,400
Clothing,Bangalore,06-03-2023,272
Groceries,Delhi,06-04-2023,403
Clothing,Delhi,06-04-2023,462
Electronics,Delhi,06-04-2023,418
Groceries,Mumbai,06-04-2023,424
Clothing,Mumbai,06-04-2023,184
Electronics,Mumbai,06-04-2023,346
Electronics,Bangalore,06-04-2023,496
Groceries,Bangalore,06-04-2023,463
Clothing,Bangalore,06-04-2023,744
Groceries,Delhi,06-05-2023,1007
Clothing,Delhi,06-05-2023,662
Clothing,Mumbai,06-05-2023,803
Electronics,Mumbai,06-05-2023,270
Groceries,Mumbai,06-05-2023,357
Electronics,Bangalore,06-05-2023,750
Clothing,Bangalore,06-05-2023,610
Groceries,Bangalore,06-05-2023,680
Clothing,Delhi,06-06-2023,511
Electronics,Delhi,06-06-2023,732
Groceries,Delhi,06-06-2023,483
Groceries,Mumbai,06-06-2023,1390
Electronics,Mumbai,06-06-2023,641
Clothing,Mumbai,06-06-2023,553
Electronics,Bangalore,06-06-2023,712
Groceries,Bangalore,06-06-2023,458
Clothing,Bangalore,06-06-2023,1245
Groceries,Delhi,06-07-2023,250
Clothing,Delhi,06-07-2023,523
Electronics,Delhi,06-07-2023,1274
Clothing,Mumbai,06-07-2023,746
Groceries,Mumbai,06-07-2023,271
Electronics,Mumbai,06-07-2023,1118
Electronics,Bangalore,06-07-2023,519
Groceries,Bangalore,06-07-2023,525
Clothing,Bangalore,06-07-2023,184
Clothing,Delhi,06-08-2023,1004
Groceries,Delhi,06-08-2023,204
Electronics,Delhi,06-08-2023,172
Clothing,Mumbai,06-08-2023,187
Electronics,Mumbai,06-08-2023,609
Groceries,Mumbai,06-08-2023,373
Electronics,Bangalore,06-08-2023,728
Groceries,Bangalore,06-08-2023,198
Clothing,Bangalore,06-08-2023,1060
Clothing,Delhi,06-09-2023,813
Electronics,Delhi,06-09-2023,461
Groceries,Delhi,06-09-2023,227
Groceries,Mumbai,06-09-2023,1092
Electronics,Mumbai,06-09-2023,97
Clothing,Mumbai,06-09-2023,310
Clothing,Bangalore,06-09-2023,477
Groceries,Bangalore,06-09-2023,711
Electronics,Bangalore,06-09-2023,57
Groceries,Delhi,06-10-2023,325
Electronics,Delhi,06-10-2023,1160
Clothing,Delhi,06-10-2023,562
Clothing,Mumbai,06-10-2023,426
Electronics,Mumbai,06-10-2023,444
Groceries,Mumbai,06-10-2023,147
Clothing,Bangalore,06-10-2023,637
Electronics,Bangalore,06-10-2023,900
Groceries,Bangalore,06-10-2023,198
Clothing,Delhi,06-11-2023,1213
Electronics,Delhi,06-11-2023,421
Groceries,Delhi,06-11-2023,70
Electronics,Mumbai,06-11-2023,345
Groceries,Mumbai,06-11-2023,557
Clothing,Mumbai,06-11-2023,678
Clothing,Bangalore,06-11-2023,48
Groceries,Bangalore,06-11-2023,709
Electronics,Bangalore,06-11-2023,421
Clothing,Delhi,06-12-2023,468
Groceries,Delhi,06-12-2023,831
Electronics,Delhi,06-12-2023,917
Groceries,Mumbai,06-12-2023,593
Clothing,Mumbai,06-12-2023,599
Electronics,Mumbai,06-12-2023,730
Clothing,Bangalore,06-12-2023,310
Electronics,Bangalore,06-12-2023,591
Groceries,Bangalore,06-12-2023,468
Clothing,Delhi,07-01-2023,242
Electronics,Delhi,07-01-2023,167
Groceries,Delhi,07-01-2023,615
Electronics,Mumbai,07-01-2023,1168
Clothing,Mumbai,07-01-2023,263
Groceries,Mumbai,07-01-2023,373
Groceries,Bangalore,07-01-2023,408
Electronics,Bangalore,07-01-2023,784
Clothing,Bangalore,07-01-2023,889
Electronics,Delhi,07-02-2023,321
Clothing,Delhi,07-02-2023,459
Groceries,Delhi,07-02-2023,594
Groceries,Mumbai,07-02-2023,523
Electronics,Mumbai,07-02-2023,174
Clothing,Mumbai,07-02-2023,773
Groceries,Bangalore,07-02-2023,362
Electronics,Bangalore,07-02-2023,451
Clothing,Bangalore,07-02-2023,808
Clothing,Delhi,07-03-2023,636
Electronics,Delhi,07-03-2023,324
Groceries,Delhi,07-03-2023,312
Groceries,Mumbai,07-03-2023,447
Electronics,Mumbai,07-03-2023,245
Clothing,Mumbai,07-03-2023,403
Electronics,Bangalore,07-03-2023,673
Groceries,Bangalore,07-03-2023,414
Clothing,Bangalore,07-03-2023,584
Electronics,Delhi,07-04-2023,465
Clothing,Delhi,07-04-2023,538
Groceries,Delhi,07-04-2023,380
Clothing,Mumbai,07-04-2023,484
Electronics,Mumbai,07-04-2023,497
Groceries,Mumbai,07-04-2023,837
Clothing,Bangalore,07-04-2023,580
Groceries,Bangalore,07-04-2023,445
Electronics,Bangalore,07-04-2023,347
Groceries,Delhi,07-05-2023,579
Electronics,Delhi,07-05-2023,934
Clothing,Delhi,07-05-2023,477
Groceries,Mumbai,07-05-2023,323
Electronics,Mumbai,07-05-2023,322
Clothing,Mumbai,07-05-2023,454
Electronics,Bangalore,07-05-2023,187
Groceries,Bangalore,07-05-2023,803
Clothing,Bangalore,07-05-2023,964
Clothing,Delhi,07-06-2023,492
Electronics,Delhi,07-06-2023,752
Groceries,Delhi,07-06-2023,146
Groceries,Mumbai,07-06-2023,60
Electronics,Mumbai,07-06-2023,476
Clothing,Mumbai,07-06-2023,262
Groceries,Bangalore,07-06-2023,938
Electronics,Bangalore,07-06-2023,547
Clothing,Bangalore,07-06-2023,283
Clothing,Delhi,07-07-2023,815
Electronics,Delhi,07-07-2023,104
Groceries,Delhi,07-07-2023,330
Groceries,Mumbai,07-07-2023,497
Electronics,Mumbai,07-07-2023,594
Clothing,Mumbai,07-07-2023,225
Clothing,Bangalore,07-07-2023,796
Electronics,Bangalore,07-07-2023,384
Groceries,Bangalore,07-07-2023,688
Electronics,Delhi,07-08-2023,837
Clothing,Delhi,07-08-2023,383
Groceries,Delhi,07-08-2023,480
Clothing,Mumbai,07-08-2023,696
Groceries,Mumbai,07-08-2023,126
Electronics,Mumbai,07-08-2023,580
Groceries,Bangalore,07-08-2023,98
Electronics,Bangalore,07-08-2023,426
Clothing,Bangalore,07-08-2023,267
Clothing,Delhi,07-09-2023,870
Electronics,Delhi,07-09-2023,408
Groceries,Delhi,07-09-2023,1080
Groceries,Mumbai,07-09-2023,268
Electronics,Mumbai,07-09-2023,1287
Clothing,Mumbai,07-09-2023,373
Clothing,Bangalore,07-09-2023,652
Electronics,Bangalore,07-09-2023,1297
Groceries,Bangalore,07-09-2023,380
Clothing,Delhi,07-10-2023,779
Electronics,Delhi,07-10-2023,257
Groceries,Delhi,07-10-2023,551
Clothing,Mumbai,07-10-2023,407
Electronics,Mumbai,07-10-2023,363
Groceries,Mumbai,07-10-2023,439
Groceries,Bangalore,07-10-2023,485
Electronics,Bangalore,07-10-2023,1407
Clothing,Bangalore,07-10-2023,856
Clothing,Delhi,07-11-2023,542
Groceries,Delhi,07-11-2023,164
Electronics,Delhi,07-11-2023,732
Groceries,Mumbai,07-11-2023,1317
Clothing,Mumbai,07-11-2023,699
Electronics,Mumbai,07-11-2023,494
Groceries,Bangalore,07-11-2023,577
Clothing,Bangalore,07-11-2023,384
Electronics,Bangalore,07-11-2023,625
Electronics,Delhi,07-12-2023,534
Groceries,Delhi,07-12-2023,822
Clothing,Delhi,07-12-2023,1273
Groceries,Mumbai,07-12-2023,969
Electronics,Mumbai,07-12-2023,520
Clothing,Mumbai,07-12-2023,431
Electronics,Bangalore,07-12-2023,575
Clothing,Bangalore,07-12-2023,94
Groceries,Bangalore,07-12-2023,446
Clothing,Delhi,08-01-2023,1046
Electronics,Delhi,08-01-2023,1159
Groceries,Delhi,08-01-2023,414
Clothing,Mumbai,08-01-2023,1082
Groceries,Mumbai,08-01-2023,688
Electronics,Mumbai,08-01-2023,289
Groceries,Bangalore,08-01-2023,496
Clothing,Bangalore,08-01-2023,1257
Electronics,Bangalore,08-01-2023,267
Clothing,Delhi,08-02-2023,571
Groceries,Delhi,08-02-2023,757
Electronics,Delhi,08-02-2023,107
Groceries,Mumbai,08-02-2023,825
Electronics,Mumbai,08-02-2023,1061
Clothing,Mumbai,08-02-2023,394
Electronics,Bangalore,08-02-2023,1021
Clothing,Bangalore,08-02-2023,924
Groceries,Bangalore,08-02-2023,925
Groceries,Delhi,08-03-2023,1011
Clothing,Delhi,08-03-2023,561
Electronics,Delhi,08-03-2023,221
Electronics,Mumbai,08-03-2023,854
Clothing,Mumbai,08-03-2023,923
Groceries,Bangalore,08-03-2023,814
Clothing,Bangalore,08-03-2023,983
Electronics,Bangalore,08-03-2023,396
Clothing,Delhi,08-04-2023,750
Groceries,Delhi,08-04-2023,744
Groceries,Mumbai,08-04-2023,781
Electronics,Mumbai,08-04-2023,1583
Clothing,Mumbai,08-04-2023,335
Clothing,Bangalore,08-04-2023,200
Electronics,Bangalore,08-04-2023,2023
Groceries,Bangalore,08-04-2023,26
Clothing,Delhi,08-05-2023,64
Electronics,Delhi,08-05-2023,1003
Groceries,Delhi,08-05-2023,622
Electronics,Mumbai,08-05-2023,308
Clothing,Mumbai,08-05-2023,422
Groceries,Mumbai,08-05-2023,327
Groceries,Bangalore,08-05-2023,236
Electronics,Bangalore,08-05-2023,840
Clothing,Bangalore,08-05-2023,406
Groceries,Delhi,08-06-2023,216
Electronics,Delhi,08-06-2023,1544
Clothing,Delhi,08-06-2023,878
Clothing,Mumbai,08-06-2023,833
Groceries,Mumbai,08-06-2023,131
Electronics,Mumbai,08-06-2023,88
Groceries,Bangalore,08-06-2023,387
Electronics,Bangalore,08-06-2023,432
Clothing,Bangalore,08-06-2023,727
Clothing,Delhi,08-07-2023,188
Electronics,Delhi,08-07-2023,415
Groceries,Delhi,08-07-2023,1017
Groceries,Mumbai,08-07-2023,588
Electronics,Mumbai,08-07-2023,1165
Clothing,Mumbai,08-07-2023,407
Electronics,Bangalore,08-07-2023,1352
Groceries,Bangalore,08-07-2023,231
Clothing,Bangalore,08-07-2023,400
Groceries,Delhi,08-08-2023,960
Electronics,Delhi,08-08-2023,202
Clothing,Delhi,08-08-2023,422
Electronics,Mumbai,08-08-2023,429
Groceries,Mumbai,08-08-2023,637
Clothing,Mumbai,08-08-2023,327
Electronics,Bangalore,08-08-2023,905
Groceries,Bangalore,08-08-2023,1084
Clothing,Bangalore,08-08-2023,123
Clothing,Delhi,08-09-2023,648
Groceries,Delhi,08-09-2023,135
Electronics,Delhi,08-09-2023,300
Groceries,Mumbai,08-09-2023,558
Clothing,Mumbai,08-09-2023,1124
Electronics,Mumbai,08-09-2023,417
Groceries,Bangalore,08-09-2023,249
Electronics,Bangalore,08-09-2023,413
Clothing,Bangalore,08-09-2023,307
Clothing,Delhi,08-10-2023,708
Electronics,Delhi,08-10-2023,539
Groceries,Delhi,08-10-2023,185
Clothing,Mumbai,08-10-2023,967
Groceries,Mumbai,08-10-2023,494
Electronics,Mumbai,08-10-2023,871
Groceries,Bangalore,08-10-2023,450
Electronics,Bangalore,08-10-2023,321
Clothing,Bangalore,08-10-2023,734
Clothing,Delhi,08-11-2023,330
Groceries,Delhi,08-11-2023,602
Electronics,Delhi,08-11-2023,340
Groceries,Mumbai,08-11-2023,255
Electronics,Mumbai,08-11-2023,596
Clothing,Mumbai,08-11-2023,293
Groceries,Bangalore,08-11-2023,1127
Electronics,Bangalore,08-11-2023,361
Clothing,Bangalore,08-11-2023,394
Clothing,Delhi,08-12-2023,262
Groceries,Delhi,08-12-2023,708
Electronics,Delhi,08-12-2023,440
Electronics,Mumbai,08-12-2023,1296
Clothing,Mumbai,08-12-2023,177
Groceries,Mumbai,08-12-2023,100
Electronics,Bangalore,08-12-2023,163
Groceries,Bangalore,08-12-2023,530
Clothing,Bangalore,08-12-2023,920
Groceries,Delhi,09-01-2023,532
Clothing,Delhi,09-01-2023,514
Electronics,Delhi,09-01-2023,259
Groceries,Mumbai,09-01-2023,1121
Clothing,Mumbai,09-01-2023,323
Electronics,Mumbai,09-01-2023,270
Groceries,Bangalore,09-01-2023,538
Clothing,Bangalore,09-01-2023,953
Electronics,Bangalore,09-01-2023,141
Clothing,Delhi,09-02-2023,1180
Groceries,Delhi,09-02-2023,599
Electronics,Mumbai,09-02-2023,662
Groceries,Mumbai,09-02-2023,384
Clothing,Mumbai,09-02-2023,293
Groceries,Bangalore,09-02-2023,865
Clothing,Bangalore,09-02-2023,697
Electronics,Bangalore,09-02-2023,225
Electronics,Delhi,09-03-2023,728
Clothing,Delhi,09-03-2023,249
Groceries,Delhi,09-03-2023,268
Clothing,Mumbai,09-03-2023,719
Groceries,Mumbai,09-03-2023,884
Electronics,Mumbai,09-03-2023,47
Clothing,Bangalore,09-03-2023,529
Groceries,Bangalore,09-03-2023,729
Electronics,Bangalore,09-03-2023,672
Groceries,Delhi,09-04-2023,586
Clothing,Delhi,09-04-2023,297
Electronics,Delhi,09-04-2023,580
Groceries,Mumbai,09-04-2023,233
Electronics,Mumbai,09-04-2023,515
Clothing,Mumbai,09-04-2023,218
Groceries,Bangalore,09-04-2023,428
Clothing,Bangalore,09-04-2023,230
Electronics,Bangalore,09-04-2023,1563
Clothing,Delhi,09-05-2023,685
Electronics,Delhi,09-05-2023,228
Groceries,Delhi,09-05-2023,429
Clothing,Mumbai,09-05-2023,623
Electronics,Mumbai,09-05-2023,682
Groceries,Mumbai,09-05-2023,539
Groceries,Bangalore,09-05-2023,616
Electronics,Bangalore,09-05-2023,842
Clothing,Bangalore,09-05-2023,397
Groceries,Delhi,09-06-2023,452
Clothing,Delhi,09-06-2023,771
Electronics,Delhi,09-06-2023,755
Clothing,Mumbai,09-06-2023,485
Groceries,Mumbai,09-06-2023,523
Electronics,Mumbai,09-06-2023,588
Groceries,Bangalore,09-06-2023,376
Electronics,Bangalore,09-06-2023,558
Clothing,Bangalore,09-06-2023,908
Clothing,Delhi,09-07-2023,832
Electronics,Delhi,09-07-2023,1010
Groceries,Delhi,09-07-2023,252
Clothing,Mumbai,09-07-2023,452
Electronics,Mumbai,09-07-2023,318
Groceries,Mumbai,09-07-2023,173
Electronics,Bangalore,09-07-2023,529
Groceries,Bangalore,09-07-2023,832
Clothing,Bangalore,09-07-2023,543
Electronics,Delhi,09-08-2023,1098
Clothing,Delhi,09-08-2023,441
Groceries,Delhi,09-08-2023,512
Electronics,Mumbai,09-08-2023,331
Groceries,Mumbai,09-08-2023,826
Clothing,Mumbai,09-08-2023,216
Electronics,Bangalore,09-08-2023,279
Clothing,Bangalore,09-08-2023,632
Groceries,Bangalore,09-08-2023,311
Groceries,Delhi,09-09-2023,1014
Electronics,Delhi,09-09-2023,425
Clothing,Delhi,09-09-2023,282
Groceries,Mumbai,09-09-2023,640
Clothing,Mumbai,09-09-2023,732
Electronics,Mumbai,09-09-2023,246
Clothing,Bangalore,09-09-2023,26
Electronics,Bangalore,09-09-2023,1483
Groceries,Bangalore,09-09-2023,1243
Electronics,Delhi,09-10-2023,838
Clothing,Delhi,09-10-2023,174
Groceries,Delhi,09-10-2023,330
Electronics,Mumbai,09-10-2023,707
Groceries,Mumbai,09-10-2023,368
Clothing,Mumbai,09-10-2023,471
Groceries,Bangalore,09-10-2023,238
Clothing,Bangalore,09-10-2023,710
Electronics,Bangalore,09-10-2023,29
Groceries,Delhi,09-11-2023,1162
Electronics,Delhi,09-11-2023,226
Groceries,Mumbai,09-11-2023,291
Electronics,Mumbai,09-11-2023,531
Clothing,Mumbai,09-11-2023,503
Groceries,Bangalore,09-11-2023,299
Clothing,Bangalore,09-11-2023,170
Electronics,Bangalore,09-11-2023,120
Groceries,Delhi,09-12-2023,907
Clothing,Delhi,09-12-2023,537
Electronics,Delhi,09-12-2023,282
Clothing,Mumbai,09-12-2023,676
Groceries,Mumbai,09-12-2023,429
Electronics,Mumbai,09-12-2023,659
Clothing,Bangalore,09-12-2023,906
Groceries,Bangalore,09-12-2023,890
Electronics,Bangalore,09-12-2023,499
Groceries,Delhi,10-01-2023,751
Clothing,Delhi,10-01-2023,107
Electronics,Delhi,10-01-2023,595
Electronics,Mumbai,10-01-2023,522
Clothing,Mumbai,10-01-2023,889
Groceries,Mumbai,10-01-2023,68
Clothing,Bangalore,10-01-2023,350
Electronics,Bangalore,10-01-2023,298
Groceries,Bangalore,10-01-2023,466
Groceries,Delhi,10-02-2023,1032
Electronics,Delhi,10-02-2023,372
Clothing,Delhi,10-02-2023,20
Electronics,Mumbai,10-02-2023,473
Groceries,Mumbai,10-02-2023,906
Clothing,Mumbai,10-02-2023,251
Groceries,Bangalore,10-02-2023,924
Electronics,Bangalore,10-02-2023,584
Clothing,Bangalore,10-02-2023,630
Groceries,Delhi,10-03-2023,350
Clothing,Delhi,10-03-2023,885
Electronics,Delhi,10-03-2023,1047
Electronics,Mumbai,10-03-2023,374
Groceries,Mumbai,10-03-2023,354
Clothing,Mumbai,10-03-2023,307
Electronics,Bangalore,10-03-2023,509
Groceries,Bangalore,10-03-2023,464
Clothing,Bangalore,10-03-2023,575
Electronics,Delhi,10-04-2023,458
Clothing,Delhi,10-04-2023,510
Groceries,Delhi,10-04-2023,218
Clothing,Mumbai,10-04-2023,533
Electronics,Mumbai,10-04-2023,496
Groceries,Mumbai,10-04-2023,524
Electronics,Bangalore,10-04-2023,256
Clothing,Bangalore,10-04-2023,806
Groceries,Bangalore,10-04-2023,800
Clothing,Delhi,10-05-2023,250
Groceries,Delhi,10-05-2023,480
Electronics,Delhi,10-05-2023,566
Groceries,Mumbai,10-05-2023,363
Clothing,Mumbai,10-05-2023,549
Electronics,Mumbai,10-05-2023,885
Electronics,Bangalore,10-05-2023,889
Groceries,Bangalore,10-05-2023,370
Clothing,Bangalore,10-05-2023,57
Groceries,Delhi,10-06-2023,1477
Electronics,Delhi,10-06-2023,933
Clothing,Delhi,10-06-2023,497
Clothing,Mumbai,10-06-2023,658
Groceries,Mumbai,10-06-2023,147
Electronics,Mumbai,10-06-2023,448
Electronics,Bangalore,10-06-2023,604
Groceries,Bangalore,10-06-2023,231
Clothing,Bangalore,10-06-2023,612
Electronics,Delhi,10-07-2023,384
Groceries,Delhi,10-07-2023,824
Clothing,Delhi,10-07-2023,249
Clothing,Mumbai,10-07-2023,205
Groceries,Mumbai,10-07-2023,970
Electronics,Mumbai,10-07-2023,831
Groceries,Bangalore,10-07-2023,338
Clothing,Bangalore,10-07-2023,645
Electronics,Bangalore,10-07-2023,381
Clothing,Delhi,10-08-2023,774
Electronics,Delhi,10-08-2023,164
Groceries,Delhi,10-08-2023,1311
Groceries,Mumbai,10-08-2023,471
Clothing,Mumbai,10-08-2023,84
Electronics,Mumbai,10-08-2023,222
Clothing,Bangalore,10-08-2023,597
Groceries,Bangalore,10-08-2023,744
Electronics,Bangalore,10-08-2023,646
Electronics,Delhi,10-09-2023,601
Groceries,Delhi,10-09-2023,854
Clothing,Delhi,10-09-2023,115
Electronics,Mumbai,10-09-2023,835
Clothing,Mumbai,10-09-2023,252
Groceries,Mumbai,10-09-2023,756
Clothing,Bangalore,10-09-2023,345
Groceries,Bangalore,10-09-2023,36
Electronics,Bangalore,10-09-2023,500
Clothing,Delhi,10-10-2023,549
Groceries,Delhi,10-10-2023,428
Electronics,Delhi,10-10-2023,344
Groceries,Mumbai,10-10-2023,426
Clothing,Mumbai,10-10-2023,243
Electronics,Mumbai,10-10-2023,655
Groceries,Bangalore,10-10-2023,677
Clothing,Bangalore,10-10-2023,470
Electronics,Bangalore,10-10-2023,309
Groceries,Delhi,10-11-2023,572
Electronics,Delhi,10-11-2023,199
Clothing,Delhi,10-11-2023,37
Groceries,Mumbai,10-11-2023,1270
Electronics,Mumbai,10-11-2023,793
Clothing,Mumbai,10-11-2023,466
Groceries,Bangalore,10-11-2023,250
Electronics,Bangalore,10-11-2023,401
Clothing,Bangalore,10-11-2023,624
Clothing,Delhi,10-12-2023,867
Electronics,Delhi,10-12-2023,698
Groceries,Delhi,10-12-2023,826
Groceries,Mumbai,10-12-2023,707
Clothing,Mumbai,10-12-2023,245
Electronics,Mumbai,10-12-2023,1095
Groceries,Bangalore,10-12-2023,1091
Electronics,Bangalore,10-12-2023,362
Clothing,Bangalore,10-12-2023,291
Groceries,Delhi,11-01-2023,1361
Electronics,Delhi,11-01-2023,173
Clothing,Delhi,11-01-2023,498
Groceries,Mumbai,11-01-2023,1405
Clothing,Mumbai,11-01-2023,646
Electronics,Mumbai,11-01-2023,112
Clothing,Bangalore,11-01-2023,864
Groceries,Bangalore,11-01-2023,437
Electronics,Bangalore,11-01-2023,312
Clothing,Delhi,11-02-2023,567
Electronics,Delhi,11-02-2023,82
Groceries,Delhi,11-02-2023,241
Electronics,Mumbai,11-02-2023,1054
Groceries,Mumbai,11-02-2023,462
Clothing,Mumbai,11-02-2023,94
Clothing,Bangalore,11-02-2023,1041
Groceries,Bangalore,11-02-2023,443
Electronics,Bangalore,11-02-2023,323
Groceries,Delhi,11-03-2023,384
Electronics,Delhi,11-03-2023,698
Clothing,Delhi,11-03-2023,565
Clothing,Mumbai,11-03-2023,584
Groceries,Mumbai,11-03-2023,150
Electronics,Mumbai,11-03-2023,352
Groceries,Bangalore,11-03-2023,308
Electronics,Bangalore,11-03-2023,720
Clothing,Bangalore,11-03-2023,940
Clothing,Delhi,11-04-2023,434
Electronics,Delhi,11-04-2023,1859
Groceries,Delhi,11-04-2023,274
Groceries,Mumbai,11-04-2023,433
Clothing,Mumbai,11-04-2023,454
Electronics,Mumbai,11-04-2023,934
Clothing,Bangalore,11-04-2023,940
Groceries,Bangalore,11-04-2023,1496
Clothing,Delhi,11-05-2023,450
Groceries,Delhi,11-05-2023,1251
Electronics,Delhi,11-05-2023,665
Clothing,Mumbai,11-05-2023,964
Electronics,Mumbai,11-05-2023,17
Groceries,Mumbai,11-05-2023,321
Clothing,Bangalore,11-05-2023,104
Groceries,Bangalore,11-05-2023,1089
Electronics,Bangalore,11-05-2023,319
Electronics,Delhi,11-06-2023,150
Clothing,Delhi,11-06-2023,586
Groceries,Delhi,11-06-2023,363
Groceries,Mumbai,11-06-2023,206
Electronics,Mumbai,11-06-2023,646
Clothing,Mumbai,11-06-2023,309
Groceries,Bangalore,11-06-2023,589
Clothing,Bangalore,11-06-2023,674
Electronics,Bangalore,11-06-2023,544
Clothing,Delhi,11-07-2023,710
Electronics,Delhi,11-07-2023,682
Groceries,Delhi,11-07-2023,291
Clothing,Mumbai,11-07-2023,247
Electronics,Mumbai,11-07-2023,312
Groceries,Mumbai,11-07-2023,618
Electronics,Bangalore,11-07-2023,817
Clothing,Bangalore,11-07-2023,178
Groceries,Bangalore,11-07-2023,115
Groceries,Delhi,11-08-2023,1023
Clothing,Delhi,11-08-2023,1532
Groceries,Mumbai,11-08-2023,870
Clothing,Mumbai,11-08-2023,511
Electronics,Mumbai,11-08-2023,86
Electronics,Bangalore,11-08-2023,674
Clothing,Bangalore,11-08-2023,450
Groceries,Bangalore,11-08-2023,292
Groceries,Delhi,11-09-2023,288
Electronics,Delhi,11-09-2023,655
Clothing,Delhi,11-09-2023,452
Clothing,Mumbai,11-09-2023,180
Electronics,Mumbai,11-09-2023,246
Groceries,Mumbai,11-09-2023,520
Groceries,Bangalore,11-09-2023,417
Electronics,Bangalore,11-09-2023,421
Clothing,Bangalore,11-09-2023,682
Groceries,Delhi,11-10-2023,711
Clothing,Delhi,11-10-2023,195
Electronics,Delhi,11-10-2023,629
Groceries,Mumbai,11-10-2023,349
Clothing,Mumbai,11-10-2023,1279
Groceries,Bangalore,11-10-2023,446
Clothing,Bangalore,11-10-2023,778
Electronics,Bangalore,11-10-2023,711
Electronics,Delhi,11-11-2023,718
Clothing,Delhi,11-11-2023,682
Groceries,Delhi,11-11-2023,183
Electronics,Mumbai,11-11-2023,582
Groceries,Mumbai,11-11-2023,552
Clothing,Mumbai,11-11-2023,294
Groceries,Bangalore,11-11-2023,143
Clothing,Bangalore,11-11-2023,715
Electronics,Bangalore,11-11-2023,72
Clothing,Delhi,11-12-2023,419
Groceries,Delhi,11-12-2023,606
Electronics,Delhi,11-12-2023,328
Electronics,Mumbai,11-12-2023,344
Clothing,Mumbai,11-12-2023,525
Groceries,Mumbai,11-12-2023,130
Clothing,Bangalore,11-12-2023,1084
Electronics,Bangalore,11-12-2023,341
Groceries,Bangalore,11-12-2023,270
Groceries,Delhi,12-01-2023,397
Clothing,Delhi,12-01-2023,456
Electronics,Delhi,12-01-2023,144
Clothing,Mumbai,12-01-2023,301
Groceries,Mumbai,12-01-2023,336
Electronics,Mumbai,12-01-2023,534
Clothing,Bangalore,12-01-2023,533
Electronics,Bangalore,12-01-2023,1037
Groceries,Bangalore,12-01-2023,245
Groceries,Delhi,12-02-2023,437
Clothing,Delhi,12-02-2023,464
Electronics,Delhi,12-02-2023,744
Electronics,Mumbai,12-02-2023,500
Groceries,Mumbai,12-02-2023,695
Clothing,Mumbai,12-02-2023,180
Electronics,Bangalore,12-02-2023,365
Groceries,Bangalore,12-02-2023,449
Clothing,Bangalore,12-02-2023,504
Groceries,Delhi,12-03-2023,601
Electronics,Delhi,12-03-2023,602
Clothing,Delhi,12-03-2023,541
Electronics,Mumbai,12-03-2023,192
Groceries,Mumbai,12-03-2023,308
Clothing,Mumbai,12-03-2023,595
Clothing,Bangalore,12-03-2023,572
Electronics,Bangalore,12-03-2023,418
Groceries,Bangalore,12-03-2023,680
Clothing,Delhi,12-04-2023,310
Groceries,Delhi,12-04-2023,884
Electronics,Delhi,12-04-2023,548
Electronics,Mumbai,12-04-2023,573
Groceries,Mumbai,12-04-2023,560
Clothing,Mumbai,12-04-2023,271
Electronics,Bangalore,12-04-2023,549
Groceries,Bangalore,12-04-2023,668
Clothing,Bangalore,12-04-2023,424
Electronics,Delhi,12-05-2023,874
Clothing,Delhi,12-05-2023,162
Groceries,Delhi,12-05-2023,300
Groceries,Mumbai,12-05-2023,658
Clothing,Mumbai,12-05-2023,424
Electronics,Mumbai,12-05-2023,335
Electronics,Bangalore,12-05-2023,540
Groceries,Bangalore,12-05-2023,505
Clothing,Bangalore,12-05-2023,252
Electronics,Delhi,12-06-2023,863
Groceries,Delhi,12-06-2023,631
Groceries,Mumbai,12-06-2023,858
Clothing,Mumbai,12-06-2023,685
Electronics,Mumbai,12-06-2023,365
Clothing,Bangalore,12-06-2023,615
Groceries,Bangalore,12-06-2023,204
Electronics,Bangalore,12-06-2023,335
Clothing,Delhi,12-07-2023,164
Groceries,Delhi,12-07-2023,995
Electronics,Delhi,12-07-2023,856
Electronics,Mumbai,12-07-2023,834
Groceries,Mumbai,12-07-2023,600
Clothing,Mumbai,12-07-2023,15
Electronics,Bangalore,12-07-2023,276
Groceries,Bangalore,12-07-2023,525
Clothing,Bangalore,12-07-2023,571
Groceries,Delhi,12-08-2023,837
Clothing,Delhi,12-08-2023,494
Electronics,Delhi,12-08-2023,560
Groceries,Mumbai,12-08-2023,878
Clothing,Mumbai,12-08-2023,461
Electronics,Mumbai,12-08-2023,817
Electronics,Bangalore,12-08-2023,676
Clothing,Bangalore,12-08-2023,598
Groceries,Bangalore,12-08-2023,429
Electronics,Delhi,12-09-2023,1172
Groceries,Delhi,12-09-2023,186
Clothing,Delhi,12-09-2023,114
Groceries,Mumbai,12-09-2023,529
Electronics,Mumbai,12-09-2023,273
Clothing,Mumbai,12-09-2023,219
Electronics,Bangalore,12-09-2023,945
Clothing,Bangalore,12-09-2023,304
Groceries,Bangalore,12-09-2023,189
Clothing,Delhi,12-10-2023,978
Electronics,Delhi,12-10-2023,527
Groceries,Delhi,12-10-2023,498
Groceries,Mumbai,12-10-2023,640
Clothing,Mumbai,12-10-2023,615
Electronics,Mumbai,12-10-2023,477
Groceries,Bangalore,12-10-2023,732
Clothing,Bangalore,12-10-2023,238
Electronics,Bangalore,12-10-2023,405
Groceries,Delhi,12-11-2023,173
Electronics,Delhi,12-11-2023,348
Clothing,Delhi,12-11-2023,795
Groceries,Mumbai,12-11-2023,554
Clothing,Mumbai,12-11-2023,336
Electronics,Mumbai,12-11-2023,195
Electronics,Bangalore,12-11-2023,615
Groceries,Bangalore,12-11-2023,301
Clothing,Bangalore,12-11-2023,412
Electronics,Delhi,12-12-2023,669
Groceries,Delhi,12-12-2023,354
Clothing,Delhi,12-12-2023,471
Clothing,Mumbai,12-12-2023,310
Groceries,Mumbai,12-12-2023,1140
Electronics,Mumbai,12-12-2023,474
Clothing,Bangalore,12-12-2023,2040
Electronics,Bangalore,12-12-2023,378
Groceries,Bangalore,12-12-2023,111
